TaskID,TaskType,SourceRegion,ExecutionRegion,ArrivalHour,StartHour,FinishHour,WaitHour,GPU_Demand,EstimatedDuration_min,PowerPerGPU,NetworkLatency_ms,MaxLatency_ms,LatestFinishHour,Migrated
17460,RealTimeInference,RegionD,RegionD,2340,2340,2340.983333333333,0.0,5.0,59.0,0.08,5.0,20.0,2341.0,False
14528,RealTimeInference,RegionD,RegionD,2313,2313,2318.9666666666667,0.0,3.0,358.0,0.08,5.0,20.0,2319.0,False
25548,RealTimeInference,RegionD,RegionD,2324,2324,2324.9166666666665,0.0,1.0,55.0,0.08,5.0,20.0,2325.0,False
1914,RealTimeInference,RegionD,RegionD,2358,2358,2359.9,0.0,2.0,114.0,0.08,5.0,20.0,2360.0,False
27752,RealTimeInference,RegionD,RegionD,2358,2358,2358.85,0.0,4.0,51.0,0.08,5.0,20.0,2359.0,False
30238,RealTimeInference,RegionD,RegionD,2379,2379,2383.85,0.0,6.0,291.0,0.08,5.0,20.0,2384.0,False
7542,RealTimeInference,RegionD,RegionD,2382,2382,2382.6833333333334,0.0,7.0,41.0,0.08,5.0,20.0,2383.0,False
14305,RealTimeInference,RegionD,RegionD,2391,2391,2395.6666666666665,0.0,2.0,280.0,0.08,5.0,20.0,2396.0,False
47260,RealTimeInference,RegionD,RegionD,2395,2395,2398.483333333333,0.0,3.0,209.0,0.08,5.0,20.0,2399.0,False
42747,RealTimeInference,RegionD,RegionD,2332,2332,2334.45,0.0,7.0,147.0,0.08,5.0,20.0,2335.0,False
34705,RealTimeInference,RegionD,RegionD,2342,2342,2342.4333333333334,0.0,1.0,26.0,0.08,5.0,20.0,2343.0,False
14095,RealTimeInference,RegionD,RegionD,2316,2316,2321.35,0.0,5.0,321.0,0.08,5.0,20.0,2322.0,False
46368,RealTimeInference,RegionD,RegionD,2351,2351,2354.3333333333335,0.0,6.0,200.0,0.08,5.0,20.0,2355.0,False
19264,RealTimeInference,RegionD,RegionD,2386,2386,2389.3333333333335,0.0,4.0,200.0,0.08,5.0,20.0,2390.0,False
3626,RealTimeInference,RegionD,RegionD,2323,2323,2323.3166666666666,0.0,2.0,19.0,0.08,5.0,20.0,2324.0,False
4164,RealTimeInference,RegionD,RegionD,2362,2362,2367.2166666666667,0.0,2.0,313.0,0.08,5.0,20.0,2368.0,False
22360,RealTimeInference,RegionD,RegionD,2398,2398,2398.1833333333334,0.0,6.0,11.0,0.08,5.0,20.0,2399.0,False
15079,RealTimeInference,RegionD,RegionD,2358,2358,2361.1833333333334,0.0,6.0,191.0,0.08,5.0,20.0,2362.0,False
32652,RealTimeInference,RegionD,RegionD,2337,2337,2341.15,0.0,5.0,249.0,0.08,5.0,20.0,2342.0,False
8972,RealTimeInference,RegionD,RegionD,2398,2398,2402.1,0.0,2.0,246.0,0.08,5.0,20.0,2403.0,False
31773,RealTimeInference,RegionD,RegionD,2322,2322,2326.05,0.0,3.0,243.0,0.08,5.0,20.0,2327.0,False
33446,RealTimeInference,RegionE,RegionE,2318,2318,2320.983333333333,0.0,7.0,179.0,0.08,5.0,20.0,2321.0,False
23364,RealTimeInference,RegionE,RegionE,2392,2392,2393.9166666666665,0.0,5.0,115.0,0.08,5.0,20.0,2394.0,False
18438,RealTimeInference,RegionF,RegionF,2361,2361,2361.866666666667,0.0,6.0,52.0,0.08,5.0,20.0,2362.0,False
16844,RealTimeInference,RegionF,RegionF,2399,2399,2399.85,0.0,1.0,51.0,0.08,5.0,20.0,2400.0,False
36398,RealTimeInference,RegionF,RegionF,2365,2365,2366.8333333333335,0.0,1.0,110.0,0.08,5.0,20.0,2367.0,False
10317,RealTimeInference,RegionE,RegionE,2373,2373,2377.8333333333335,0.0,2.0,290.0,0.08,5.0,20.0,2378.0,False
29812,RealTimeInference,RegionE,RegionE,2360,2360,2360.8,0.0,1.0,48.0,0.08,5.0,20.0,2361.0,False
44374,RealTimeInference,RegionE,RegionE,2306,2306,2306.6833333333334,0.0,2.0,41.0,0.08,5.0,20.0,2307.0,False
37526,RealTimeInference,RegionE,RegionE,2346,2346,2352.65,0.0,5.0,399.0,0.08,5.0,20.0,2353.0,False
49530,RealTimeInference,RegionF,RegionF,2362,2362,2364.65,0.0,6.0,159.0,0.08,5.0,20.0,2365.0,False
24420,RealTimeInference,RegionE,RegionE,2303,2303,2304.6,0.0,2.0,96.0,0.08,5.0,20.0,2305.0,False
11360,RealTimeInference,RegionE,RegionE,2384,2384,2390.5666666666666,0.0,3.0,394.0,0.08,5.0,20.0,2391.0,False
3948,RealTimeInference,RegionF,RegionF,2382,2382,2387.5,0.0,1.0,330.0,0.08,5.0,20.0,2388.0,False
2518,RealTimeInference,RegionF,RegionF,2316,2316,2321.483333333333,0.0,4.0,329.0,0.08,5.0,20.0,2322.0,False
18110,RealTimeInference,RegionF,RegionF,2311,2311,2312.483333333333,0.0,4.0,89.0,0.08,5.0,20.0,2313.0,False
16306,RealTimeInference,RegionF,RegionE,2302,2302,2308.4666666666667,0.0,4.0,388.0,0.08,18.0,20.0,2309.0,True
235,RealTimeInference,RegionE,RegionE,2378,2378,2378.4666666666667,0.0,2.0,28.0,0.08,5.0,20.0,2379.0,False
33118,RealTimeInference,RegionE,RegionE,2342,2342,2344.45,0.0,3.0,147.0,0.08,5.0,20.0,2345.0,False
34128,RealTimeInference,RegionE,RegionE,2349,2349,2351.45,0.0,1.0,147.0,0.08,5.0,20.0,2352.0,False
18687,RealTimeInference,RegionE,RegionE,2391,2391,2392.45,0.0,5.0,87.0,0.08,5.0,20.0,2393.0,False
7890,RealTimeInference,RegionE,RegionE,2399,2399,2403.4166666666665,0.0,4.0,265.0,0.08,5.0,20.0,2404.0,False
16319,RealTimeInference,RegionE,RegionE,2331,2331,2332.4,0.0,4.0,84.0,0.08,5.0,20.0,2333.0,False
19802,RealTimeInference,RegionE,RegionE,2370,2370,2372.366666666667,0.0,3.0,142.0,0.08,5.0,20.0,2373.0,False
48369,RealTimeInference,RegionF,RegionF,2325,2325,2328.35,0.0,2.0,201.0,0.08,5.0,20.0,2329.0,False
16024,RealTimeInference,RegionF,RegionF,2392,2392,2395.35,0.0,1.0,201.0,0.08,5.0,20.0,2396.0,False
5929,RealTimeInference,RegionF,RegionF,2322,2322,2324.3333333333335,0.0,7.0,140.0,0.08,5.0,20.0,2325.0,False
4886,RealTimeInference,RegionF,RegionF,2398,2398,2401.3333333333335,0.0,3.0,200.0,0.08,5.0,20.0,2402.0,False
25837,RealTimeInference,RegionF,RegionF,2311,2311,2317.3,0.0,4.0,378.0,0.08,5.0,20.0,2318.0,False
9661,RealTimeInference,RegionE,RegionE,2362,2362,2363.2833333333333,0.0,2.0,77.0,0.08,5.0,20.0,2364.0,False
13505,RealTimeInference,RegionE,RegionE,2382,2382,2386.2833333333333,0.0,6.0,257.0,0.08,5.0,20.0,2387.0,False
15381,RealTimeInference,RegionE,RegionE,2309,2309,2313.25,0.0,4.0,255.0,0.08,5.0,20.0,2314.0,False
24735,RealTimeInference,RegionF,RegionF,2322,2322,2325.233333333333,0.0,5.0,194.0,0.08,5.0,20.0,2326.0,False
10396,RealTimeInference,RegionF,RegionF,2361,2361,2367.233333333333,0.0,1.0,374.0,0.08,5.0,20.0,2368.0,False
37434,RealTimeInference,RegionE,RegionE,2357,2357,2360.2,0.0,6.0,192.0,0.08,5.0,20.0,2361.0,False
17782,RealTimeInference,RegionF,RegionF,2372,2372,2376.1833333333334,0.0,2.0,251.0,0.08,5.0,20.0,2377.0,False
22636,RealTimeInference,RegionF,RegionF,2377,2377,2381.1666666666665,0.0,2.0,250.0,0.08,5.0,20.0,2382.0,False
18005,RealTimeInference,RegionF,RegionF,2301,2301,2301.1666666666665,0.0,3.0,10.0,0.08,5.0,20.0,2302.0,False
24748,RealTimeInference,RegionE,RegionE,2384,2384,2387.116666666667,0.0,1.0,187.0,0.08,5.0,20.0,2388.0,False
36634,RealTimeInference,RegionF,RegionE,2385,2385,2390.0833333333335,0.0,7.0,305.0,0.08,18.0,20.0,2391.0,True
19061,RealTimeInference,RegionF,RegionF,2375,2375,2380.0833333333335,0.0,1.0,305.0,0.08,5.0,20.0,2381.0,False
150,RealTimeInference,RegionF,RegionF,2372,2372,2373.05,0.0,6.0,63.0,0.08,5.0,20.0,2374.0,False
12836,RealTimeInference,RegionF,RegionF,2300,2300,2302.0333333333333,0.0,1.0,122.0,0.08,5.0,20.0,2303.0,False
47234,RealTimeInference,RegionE,RegionE,2367,2367,2371.016666666667,0.0,7.0,241.0,0.08,5.0,20.0,2372.0,False
29589,RealTimeInference,RegionE,RegionE,2377,2377,2378.016666666667,0.0,5.0,61.0,0.08,5.0,20.0,2379.0,False
6232,RealTimeInference,RegionA,RegionC,2389,2389,2395.0,0.0,5.0,360.0,0.08,15.0,20.0,2395.0,True
25811,RealTimeInference,RegionA,RegionA,2334,2334,2338.0,0.0,4.0,240.0,0.08,5.0,20.0,2338.0,False
23547,RealTimeInference,RegionC,RegionC,2301,2301,2304.0,0.0,4.0,180.0,0.08,5.0,20.0,2304.0,False
6077,RealTimeInference,RegionB,RegionB,2366,2366,2372.0,0.0,2.0,360.0,0.08,5.0,20.0,2372.0,False
4943,RealTimeInference,RegionC,RegionC,2391,2391,2394.0,0.0,4.0,180.0,0.08,5.0,20.0,2394.0,False
31902,RealTimeInference,RegionB,RegionB,2353,2353,2356.0,0.0,3.0,180.0,0.08,5.0,20.0,2356.0,False
9536,RealTimeInference,RegionC,RegionC,2357,2357,2360.0,0.0,3.0,180.0,0.08,5.0,20.0,2360.0,False
11509,RealTimeInference,RegionC,RegionC,2364,2364,2365.0,0.0,7.0,60.0,0.08,5.0,20.0,2365.0,False
12443,RealTimeInference,RegionA,RegionA,2357,2357,2361.0,0.0,1.0,240.0,0.08,5.0,20.0,2361.0,False
43732,RealTimeInference,RegionA,RegionA,2332,2332,2333.0,0.0,1.0,60.0,0.08,5.0,20.0,2333.0,False
48112,RealTimeInference,RegionC,RegionC,2359,2359,2360.0,0.0,1.0,60.0,0.08,5.0,20.0,2360.0,False
116,RealTimeInference,RegionC,RegionC,2338,2338,2341.983333333333,0.0,6.0,239.0,0.08,5.0,20.0,2342.0,False
15319,RealTimeInference,RegionB,RegionB,2357,2357,2358.983333333333,0.0,5.0,119.0,0.08,5.0,20.0,2359.0,False
36533,RealTimeInference,RegionB,RegionB,2373,2373,2375.983333333333,0.0,2.0,179.0,0.08,5.0,20.0,2376.0,False
37576,RealTimeInference,RegionB,RegionB,2355,2355,2359.983333333333,0.0,1.0,299.0,0.08,5.0,20.0,2360.0,False
24242,RealTimeInference,RegionC,RegionC,2341,2341,2343.983333333333,0.0,1.0,179.0,0.08,5.0,20.0,2344.0,False
42342,RealTimeInference,RegionA,RegionA,2345,2345,2347.983333333333,0.0,1.0,179.0,0.08,5.0,20.0,2348.0,False
45967,RealTimeInference,RegionC,RegionC,2371,2371,2371.983333333333,0.0,5.0,59.0,0.08,5.0,20.0,2372.0,False
40278,RealTimeInference,RegionB,RegionB,2318,2318,2322.9666666666667,0.0,6.0,298.0,0.08,5.0,20.0,2323.0,False
31492,RealTimeInference,RegionA,RegionC,2375,2375,2380.9666666666667,0.0,4.0,358.0,0.08,15.0,20.0,2381.0,True
32788,RealTimeInference,RegionC,RegionC,2363,2363,2366.9666666666667,0.0,2.0,238.0,0.08,5.0,20.0,2367.0,False
38073,RealTimeInference,RegionB,RegionB,2308,2308,2313.9666666666667,0.0,1.0,358.0,0.08,5.0,20.0,2314.0,False
13563,RealTimeInference,RegionC,RegionC,2345,2345,2350.9666666666667,0.0,1.0,358.0,0.08,5.0,20.0,2351.0,False
43287,RealTimeInference,RegionA,RegionA,2367,2367,2371.9666666666667,0.0,1.0,298.0,0.08,5.0,20.0,2372.0,False
29082,RealTimeInference,RegionC,RegionC,2312,2312,2312.9666666666667,0.0,7.0,58.0,0.08,5.0,20.0,2313.0,False
1640,RealTimeInference,RegionA,RegionA,2335,2335,2336.9666666666667,0.0,5.0,118.0,0.08,5.0,20.0,2337.0,False
4354,RealTimeInference,RegionC,RegionC,2390,2390,2395.95,0.0,4.0,357.0,0.08,5.0,20.0,2396.0,False
8626,RealTimeInference,RegionA,RegionA,2306,2306,2309.95,0.0,3.0,237.0,0.08,5.0,20.0,2310.0,False
7484,RealTimeInference,RegionA,RegionA,2393,2393,2396.95,0.0,3.0,237.0,0.08,5.0,20.0,2397.0,False
1439,RealTimeInference,RegionB,RegionB,2321,2321,2322.95,0.0,6.0,117.0,0.08,5.0,20.0,2323.0,False
32409,RealTimeInference,RegionC,RegionC,2321,2321,2322.95,0.0,3.0,117.0,0.08,5.0,20.0,2323.0,False
38607,RealTimeInference,RegionC,RegionC,2327,2327,2328.95,0.0,1.0,117.0,0.08,5.0,20.0,2329.0,False
3746,RealTimeInference,RegionA,RegionA,2329,2329,2329.95,0.0,2.0,57.0,0.08,5.0,20.0,2330.0,False
46987,RealTimeInference,RegionA,RegionC,2369,2369,2373.9333333333334,0.0,6.0,296.0,0.08,15.0,20.0,2374.0,True
16269,RealTimeInference,RegionA,RegionC,2367,2367,2372.9333333333334,0.0,4.0,356.0,0.08,15.0,20.0,2373.0,True
15721,RealTimeInference,RegionC,RegionC,2341,2341,2345.9333333333334,0.0,4.0,296.0,0.08,5.0,20.0,2346.0,False
4670,RealTimeInference,RegionA,RegionA,2373,2373,2377.9333333333334,0.0,2.0,296.0,0.08,5.0,20.0,2378.0,False
4800,RealTimeInference,RegionC,RegionC,2342,2342,2343.9333333333334,0.0,3.0,116.0,0.08,5.0,20.0,2344.0,False
44695,RealTimeInference,RegionC,RegionC,2309,2309,2310.9333333333334,0.0,2.0,116.0,0.08,5.0,20.0,2311.0,False
9387,RealTimeInference,RegionA,RegionC,2330,2330,2333.9333333333334,0.0,7.0,236.0,0.08,15.0,20.0,2334.0,True
20797,RealTimeInference,RegionB,RegionB,2364,2364,2367.9333333333334,0.0,5.0,236.0,0.08,5.0,20.0,2368.0,False
48150,RealTimeInference,RegionB,RegionB,2374,2374,2376.9333333333334,0.0,6.0,176.0,0.08,5.0,20.0,2377.0,False
35202,RealTimeInference,RegionC,RegionC,2381,2381,2383.9333333333334,0.0,5.0,176.0,0.08,5.0,20.0,2384.0,False
35731,RealTimeInference,RegionA,RegionC,2302,2302,2307.9166666666665,0.0,4.0,355.0,0.08,15.0,20.0,2308.0,True
29525,RealTimeInference,RegionA,RegionC,2349,2349,2354.9166666666665,0.0,4.0,355.0,0.08,15.0,20.0,2355.0,True
41282,RealTimeInference,RegionB,RegionB,2319,2319,2324.9166666666665,0.0,2.0,355.0,0.08,5.0,20.0,2325.0,False
17387,RealTimeInference,RegionC,RegionC,2346,2346,2351.9166666666665,0.0,2.0,355.0,0.08,5.0,20.0,2352.0,False
32162,RealTimeInference,RegionA,RegionA,2389,2389,2390.9166666666665,0.0,2.0,115.0,0.08,5.0,20.0,2391.0,False
21244,RealTimeInference,RegionC,RegionC,2308,2308,2308.9166666666665,0.0,5.0,55.0,0.08,5.0,20.0,2309.0,False
16041,RealTimeInference,RegionB,RegionB,2394,2394,2394.9166666666665,0.0,5.0,55.0,0.08,5.0,20.0,2395.0,False
11723,RealTimeInference,RegionA,RegionC,2331,2331,2334.9166666666665,0.0,7.0,235.0,0.08,15.0,20.0,2335.0,True
15175,RealTimeInference,RegionB,RegionB,2396,2396,2398.9166666666665,0.0,6.0,175.0,0.08,5.0,20.0,2399.0,False
12481,RealTimeInference,RegionC,RegionC,2395,2395,2397.9166666666665,0.0,5.0,175.0,0.08,5.0,20.0,2398.0,False
35001,RealTimeInference,RegionA,RegionA,2324,2324,2327.9,0.0,3.0,234.0,0.08,5.0,20.0,2328.0,False
20148,RealTimeInference,RegionC,RegionC,2336,2336,2337.9,0.0,4.0,114.0,0.08,5.0,20.0,2338.0,False
23920,RealTimeInference,RegionC,RegionC,2351,2351,2352.9,0.0,4.0,114.0,0.08,5.0,20.0,2353.0,False
20678,RealTimeInference,RegionB,RegionB,2315,2315,2316.9,0.0,2.0,114.0,0.08,5.0,20.0,2317.0,False
17253,RealTimeInference,RegionA,RegionA,2375,2375,2376.9,0.0,1.0,114.0,0.08,5.0,20.0,2377.0,False
24481,RealTimeInference,RegionA,RegionC,2310,2310,2314.883333333333,0.0,6.0,293.0,0.08,15.0,20.0,2315.0,True
37806,RealTimeInference,RegionB,RegionB,2311,2311,2316.883333333333,0.0,3.0,353.0,0.08,5.0,20.0,2317.0,False
37033,RealTimeInference,RegionC,RegionC,2390,2390,2394.883333333333,0.0,3.0,293.0,0.08,5.0,20.0,2395.0,False
20824,RealTimeInference,RegionC,RegionC,2337,2337,2341.883333333333,0.0,2.0,293.0,0.08,5.0,20.0,2342.0,False
26438,RealTimeInference,RegionB,RegionB,2345,2345,2349.883333333333,0.0,2.0,293.0,0.08,5.0,20.0,2350.0,False
1615,RealTimeInference,RegionA,RegionC,2315,2315,2317.883333333333,0.0,7.0,173.0,0.08,15.0,20.0,2318.0,True
33601,RealTimeInference,RegionB,RegionB,2320,2320,2323.883333333333,0.0,5.0,233.0,0.08,5.0,20.0,2324.0,False
12157,RealTimeInference,RegionB,RegionB,2372,2372,2374.883333333333,0.0,6.0,173.0,0.08,5.0,20.0,2375.0,False
22090,RealTimeInference,RegionC,RegionC,2338,2338,2341.883333333333,0.0,4.0,233.0,0.08,5.0,20.0,2342.0,False
8347,RealTimeInference,RegionB,RegionB,2342,2342,2345.883333333333,0.0,2.0,233.0,0.08,5.0,20.0,2346.0,False
22797,RealTimeInference,RegionB,RegionB,2341,2341,2342.883333333333,0.0,4.0,113.0,0.08,5.0,20.0,2343.0,False
14837,RealTimeInference,RegionA,RegionA,2368,2368,2369.883333333333,0.0,4.0,113.0,0.08,5.0,20.0,2370.0,False
32917,RealTimeInference,RegionA,RegionA,2392,2392,2394.883333333333,0.0,2.0,173.0,0.08,5.0,20.0,2395.0,False
13030,RealTimeInference,RegionB,RegionB,2367,2367,2367.883333333333,0.0,1.0,53.0,0.08,5.0,20.0,2368.0,False
15185,RealTimeInference,RegionA,RegionA,2382,2382,2382.883333333333,0.0,1.0,53.0,0.08,5.0,20.0,2383.0,False
25467,RealTimeInference,RegionB,RegionB,2385,2385,2387.866666666667,0.0,6.0,172.0,0.08,5.0,20.0,2388.0,False
2597,RealTimeInference,RegionA,RegionA,2344,2344,2347.866666666667,0.0,3.0,232.0,0.08,5.0,20.0,2348.0,False
1106,RealTimeInference,RegionC,RegionC,2335,2335,2337.866666666667,0.0,2.0,172.0,0.08,5.0,20.0,2338.0,False
2777,RealTimeInference,RegionB,RegionB,2358,2358,2359.866666666667,0.0,3.0,112.0,0.08,5.0,20.0,2360.0,False
29185,RealTimeInference,RegionB,RegionB,2321,2321,2324.866666666667,0.0,1.0,232.0,0.08,5.0,20.0,2325.0,False
32831,RealTimeInference,RegionA,RegionA,2352,2352,2353.866666666667,0.0,2.0,112.0,0.08,5.0,20.0,2354.0,False
3455,RealTimeInference,RegionC,RegionC,2386,2386,2388.866666666667,0.0,1.0,172.0,0.08,5.0,20.0,2389.0,False
16809,RealTimeInference,RegionC,RegionC,2317,2317,2318.866666666667,0.0,1.0,112.0,0.08,5.0,20.0,2319.0,False
17346,RealTimeInference,RegionB,RegionB,2360,2360,2360.866666666667,0.0,2.0,52.0,0.08,5.0,20.0,2361.0,False
2502,RealTimeInference,RegionB,RegionB,2323,2323,2328.866666666667,0.0,7.0,352.0,0.08,5.0,20.0,2329.0,False
1834,RealTimeInference,RegionC,RegionC,2325,2325,2330.866666666667,0.0,4.0,352.0,0.08,5.0,20.0,2331.0,False
20831,RealTimeInference,RegionC,RegionC,2325,2325,2327.85,0.0,7.0,171.0,0.08,5.0,20.0,2328.0,False
44098,RealTimeInference,RegionC,RegionC,2354,2354,2357.85,0.0,4.0,231.0,0.08,5.0,20.0,2358.0,False
48794,RealTimeInference,RegionC,RegionC,2307,2307,2309.85,0.0,4.0,171.0,0.08,5.0,20.0,2310.0,False
46876,RealTimeInference,RegionB,RegionB,2380,2380,2382.85,0.0,3.0,171.0,0.08,5.0,20.0,2383.0,False
44279,RealTimeInference,RegionB,RegionB,2377,2377,2379.85,0.0,1.0,171.0,0.08,5.0,20.0,2380.0,False
29029,RealTimeInference,RegionB,RegionB,2317,2317,2321.85,0.0,3.0,291.0,0.08,5.0,20.0,2322.0,False
39130,RealTimeInference,RegionB,RegionB,2340,2340,2343.8333333333335,0.0,4.0,230.0,0.08,5.0,20.0,2344.0,False
6581,RealTimeInference,RegionB,RegionB,2309,2309,2312.8333333333335,0.0,2.0,230.0,0.08,5.0,20.0,2313.0,False
48004,RealTimeInference,RegionA,RegionA,2389,2389,2389.8333333333335,0.0,6.0,50.0,0.08,5.0,20.0,2390.0,False
40599,RealTimeInference,RegionB,RegionB,2395,2395,2395.8333333333335,0.0,4.0,50.0,0.08,5.0,20.0,2396.0,False
45373,RealTimeInference,RegionA,RegionA,2315,2315,2315.8333333333335,0.0,1.0,50.0,0.08,5.0,20.0,2316.0,False
1096,RealTimeInference,RegionA,RegionA,2389,2389,2393.8333333333335,0.0,1.0,290.0,0.08,5.0,20.0,2394.0,False
39549,RealTimeInference,RegionB,RegionB,2368,2368,2371.8166666666666,0.0,2.0,229.0,0.08,5.0,20.0,2372.0,False
3163,RealTimeInference,RegionA,RegionA,2313,2313,2314.8166666666666,0.0,7.0,109.0,0.08,5.0,20.0,2315.0,False
15695,RealTimeInference,RegionC,RegionC,2341,2341,2342.8166666666666,0.0,4.0,109.0,0.08,5.0,20.0,2343.0,False
32719,RealTimeInference,RegionA,RegionA,2387,2387,2388.8166666666666,0.0,3.0,109.0,0.08,5.0,20.0,2389.0,False
13331,RealTimeInference,RegionB,RegionB,2383,2383,2383.8166666666666,0.0,1.0,49.0,0.08,5.0,20.0,2384.0,False
1843,RealTimeInference,RegionA,RegionA,2394,2394,2394.8166666666666,0.0,1.0,49.0,0.08,5.0,20.0,2395.0,False
20915,RealTimeInference,RegionB,RegionB,2337,2337,2342.8166666666666,0.0,4.0,349.0,0.08,5.0,20.0,2343.0,False
3050,RealTimeInference,RegionA,RegionA,2360,2360,2361.8,0.0,7.0,108.0,0.08,5.0,20.0,2362.0,False
21103,RealTimeInference,RegionA,RegionA,2383,2383,2384.8,0.0,7.0,108.0,0.08,5.0,20.0,2385.0,False
22890,RealTimeInference,RegionC,RegionC,2384,2384,2385.8,0.0,3.0,108.0,0.08,5.0,20.0,2386.0,False
39878,RealTimeInference,RegionB,RegionB,2318,2318,2318.8,0.0,4.0,48.0,0.08,5.0,20.0,2319.0,False
25021,RealTimeInference,RegionB,RegionB,2357,2357,2362.8,0.0,7.0,348.0,0.08,5.0,20.0,2363.0,False
5333,RealTimeInference,RegionA,RegionC,2359,2359,2364.8,0.0,4.0,348.0,0.08,15.0,20.0,2365.0,True
28986,RealTimeInference,RegionA,RegionC,2331,2331,2336.8,0.0,3.0,348.0,0.08,15.0,20.0,2337.0,True
14800,RealTimeInference,RegionB,RegionB,2366,2366,2371.8,0.0,3.0,348.0,0.08,5.0,20.0,2372.0,False
25847,RealTimeInference,RegionB,RegionB,2307,2307,2310.8,0.0,4.0,228.0,0.08,5.0,20.0,2311.0,False
28255,RealTimeInference,RegionB,RegionB,2367,2367,2370.8,0.0,4.0,228.0,0.08,5.0,20.0,2371.0,False
25767,RealTimeInference,RegionA,RegionA,2323,2323,2326.8,0.0,3.0,228.0,0.08,5.0,20.0,2327.0,False
30755,RealTimeInference,RegionC,RegionC,2311,2311,2313.8,0.0,4.0,168.0,0.08,5.0,20.0,2314.0,False
28939,RealTimeInference,RegionC,RegionC,2302,2302,2304.8,0.0,2.0,168.0,0.08,5.0,20.0,2305.0,False
29773,RealTimeInference,RegionA,RegionA,2387,2387,2388.7833333333333,0.0,6.0,107.0,0.08,5.0,20.0,2389.0,False
13251,RealTimeInference,RegionA,RegionA,2395,2395,2395.7833333333333,0.0,6.0,47.0,0.08,5.0,20.0,2396.0,False
39590,RealTimeInference,RegionB,RegionB,2348,2348,2353.7833333333333,0.0,5.0,347.0,0.08,5.0,20.0,2354.0,False
23890,RealTimeInference,RegionA,RegionC,2385,2385,2389.7833333333333,0.0,5.0,287.0,0.08,15.0,20.0,2390.0,True
31178,RealTimeInference,RegionA,RegionC,2329,2329,2333.7833333333333,0.0,4.0,287.0,0.08,15.0,20.0,2334.0,True
30149,RealTimeInference,RegionA,RegionA,2351,2351,2354.7833333333333,0.0,4.0,227.0,0.08,5.0,20.0,2355.0,False
6774,RealTimeInference,RegionC,RegionC,2359,2359,2363.7833333333333,0.0,2.0,287.0,0.08,5.0,20.0,2364.0,False
40578,RealTimeInference,RegionA,RegionA,2344,2344,2347.7833333333333,0.0,1.0,227.0,0.08,5.0,20.0,2348.0,False
24752,RealTimeInference,RegionB,RegionB,2345,2345,2347.7833333333333,0.0,1.0,167.0,0.08,5.0,20.0,2348.0,False
9891,RealTimeInference,RegionA,RegionA,2319,2319,2319.766666666667,0.0,7.0,46.0,0.08,5.0,20.0,2320.0,False
42805,RealTimeInference,RegionC,RegionC,2348,2348,2348.766666666667,0.0,5.0,46.0,0.08,5.0,20.0,2349.0,False
34531,RealTimeInference,RegionB,RegionB,2390,2390,2395.766666666667,0.0,7.0,346.0,0.08,5.0,20.0,2396.0,False
16825,RealTimeInference,RegionA,RegionC,2325,2325,2330.766666666667,0.0,5.0,346.0,0.08,15.0,20.0,2331.0,True
29611,RealTimeInference,RegionA,RegionA,2338,2338,2340.766666666667,0.0,7.0,166.0,0.08,5.0,20.0,2341.0,False
10346,RealTimeInference,RegionB,RegionB,2336,2336,2338.766666666667,0.0,6.0,166.0,0.08,5.0,20.0,2339.0,False
40713,RealTimeInference,RegionC,RegionC,2352,2352,2354.766666666667,0.0,5.0,166.0,0.08,5.0,20.0,2355.0,False
12723,RealTimeInference,RegionC,RegionC,2351,2351,2352.766666666667,0.0,7.0,106.0,0.08,5.0,20.0,2353.0,False
26088,RealTimeInference,RegionA,RegionA,2371,2371,2372.766666666667,0.0,4.0,106.0,0.08,5.0,20.0,2373.0,False
5243,RealTimeInference,RegionB,RegionB,2345,2345,2350.766666666667,0.0,1.0,346.0,0.08,5.0,20.0,2351.0,False
30966,RealTimeInference,RegionC,RegionC,2368,2368,2369.766666666667,0.0,3.0,106.0,0.08,5.0,20.0,2370.0,False
27297,RealTimeInference,RegionB,RegionB,2313,2313,2318.75,0.0,5.0,345.0,0.08,5.0,20.0,2319.0,False
33123,RealTimeInference,RegionC,RegionC,2345,2345,2349.75,0.0,6.0,285.0,0.08,5.0,20.0,2350.0,False
13217,RealTimeInference,RegionA,RegionC,2345,2345,2348.75,0.0,7.0,225.0,0.08,15.0,20.0,2349.0,True
13584,RealTimeInference,RegionA,RegionC,2366,2366,2369.75,0.0,7.0,225.0,0.08,15.0,20.0,2370.0,True
5029,RealTimeInference,RegionC,RegionC,2355,2355,2359.75,0.0,4.0,285.0,0.08,5.0,20.0,2360.0,False
31376,RealTimeInference,RegionB,RegionB,2325,2325,2328.75,0.0,5.0,225.0,0.08,5.0,20.0,2329.0,False
6179,RealTimeInference,RegionA,RegionA,2300,2300,2303.75,0.0,3.0,225.0,0.08,5.0,20.0,2304.0,False
6094,RealTimeInference,RegionA,RegionA,2342,2342,2344.75,0.0,3.0,165.0,0.08,5.0,20.0,2345.0,False
14782,RealTimeInference,RegionB,RegionB,2361,2361,2361.75,0.0,7.0,45.0,0.08,5.0,20.0,2362.0,False
23047,RealTimeInference,RegionB,RegionB,2365,2365,2365.75,0.0,6.0,45.0,0.08,5.0,20.0,2366.0,False
12705,RealTimeInference,RegionA,RegionA,2312,2312,2312.75,0.0,5.0,45.0,0.08,5.0,20.0,2313.0,False
36543,RealTimeInference,RegionA,RegionA,2339,2339,2340.75,0.0,2.0,105.0,0.08,5.0,20.0,2341.0,False
26779,RealTimeInference,RegionB,RegionB,2384,2384,2385.75,0.0,2.0,105.0,0.08,5.0,20.0,2386.0,False
36801,RealTimeInference,RegionB,RegionB,2372,2372,2372.75,0.0,4.0,45.0,0.08,5.0,20.0,2373.0,False
49684,RealTimeInference,RegionB,RegionB,2391,2391,2392.75,0.0,1.0,105.0,0.08,5.0,20.0,2393.0,False
30111,RealTimeInference,RegionB,RegionB,2360,2360,2360.75,0.0,2.0,45.0,0.08,5.0,20.0,2361.0,False
22706,RealTimeInference,RegionC,RegionC,2391,2391,2391.75,0.0,2.0,45.0,0.08,5.0,20.0,2392.0,False
16724,RealTimeInference,RegionC,RegionC,2365,2365,2365.75,0.0,1.0,45.0,0.08,5.0,20.0,2366.0,False
22924,RealTimeInference,RegionC,RegionC,2304,2304,2309.733333333333,0.0,6.0,344.0,0.08,5.0,20.0,2310.0,False
29651,RealTimeInference,RegionB,RegionB,2382,2382,2386.733333333333,0.0,7.0,284.0,0.08,5.0,20.0,2387.0,False
5442,RealTimeInference,RegionC,RegionC,2355,2355,2359.733333333333,0.0,6.0,284.0,0.08,5.0,20.0,2360.0,False
44922,RealTimeInference,RegionB,RegionB,2369,2369,2373.733333333333,0.0,5.0,284.0,0.08,5.0,20.0,2374.0,False
10348,RealTimeInference,RegionC,RegionC,2364,2364,2366.733333333333,0.0,7.0,164.0,0.08,5.0,20.0,2367.0,False
42258,RealTimeInference,RegionB,RegionB,2394,2394,2396.733333333333,0.0,6.0,164.0,0.08,5.0,20.0,2397.0,False
24662,RealTimeInference,RegionC,RegionC,2369,2369,2373.733333333333,0.0,3.0,284.0,0.08,5.0,20.0,2374.0,False
12684,RealTimeInference,RegionC,RegionC,2355,2355,2357.733333333333,0.0,4.0,164.0,0.08,5.0,20.0,2358.0,False
35649,RealTimeInference,RegionC,RegionC,2337,2337,2338.733333333333,0.0,6.0,104.0,0.08,5.0,20.0,2339.0,False
16277,RealTimeInference,RegionB,RegionB,2334,2334,2335.733333333333,0.0,5.0,104.0,0.08,5.0,20.0,2336.0,False
35078,RealTimeInference,RegionC,RegionC,2321,2321,2324.733333333333,0.0,2.0,224.0,0.08,5.0,20.0,2325.0,False
12447,RealTimeInference,RegionC,RegionC,2349,2349,2350.733333333333,0.0,4.0,104.0,0.08,5.0,20.0,2351.0,False
358,RealTimeInference,RegionC,RegionC,2370,2370,2375.733333333333,0.0,1.0,344.0,0.08,5.0,20.0,2376.0,False
6235,RealTimeInference,RegionB,RegionB,2392,2392,2393.733333333333,0.0,1.0,104.0,0.08,5.0,20.0,2394.0,False
23760,RealTimeInference,RegionA,RegionA,2370,2370,2370.733333333333,0.0,5.0,44.0,0.08,5.0,20.0,2371.0,False
22768,RealTimeInference,RegionA,RegionA,2316,2316,2316.733333333333,0.0,3.0,44.0,0.08,5.0,20.0,2317.0,False
39380,RealTimeInference,RegionB,RegionB,2391,2391,2391.733333333333,0.0,3.0,44.0,0.08,5.0,20.0,2392.0,False
26553,RealTimeInference,RegionA,RegionC,2317,2317,2322.7166666666667,0.0,6.0,343.0,0.08,15.0,20.0,2323.0,True
33576,RealTimeInference,RegionC,RegionC,2337,2337,2342.7166666666667,0.0,6.0,343.0,0.08,5.0,20.0,2343.0,False
7646,RealTimeInference,RegionC,RegionC,2317,2317,2322.7166666666667,0.0,5.0,343.0,0.08,5.0,20.0,2323.0,False
17916,RealTimeInference,RegionB,RegionB,2350,2350,2355.7166666666667,0.0,4.0,343.0,0.08,5.0,20.0,2356.0,False
47989,RealTimeInference,RegionA,RegionC,2328,2328,2331.7166666666667,0.0,5.0,223.0,0.08,15.0,20.0,2332.0,True
1438,RealTimeInference,RegionA,RegionA,2309,2309,2311.7166666666667,0.0,6.0,163.0,0.08,5.0,20.0,2312.0,False
6123,RealTimeInference,RegionB,RegionB,2323,2323,2327.7166666666667,0.0,3.0,283.0,0.08,5.0,20.0,2328.0,False
12581,RealTimeInference,RegionA,RegionA,2314,2314,2316.7166666666667,0.0,5.0,163.0,0.08,5.0,20.0,2317.0,False
27881,RealTimeInference,RegionB,RegionB,2319,2319,2322.7166666666667,0.0,3.0,223.0,0.08,5.0,20.0,2323.0,False
26852,RealTimeInference,RegionC,RegionC,2349,2349,2352.7166666666667,0.0,2.0,223.0,0.08,5.0,20.0,2353.0,False
3444,RealTimeInference,RegionA,RegionA,2378,2378,2379.7166666666667,0.0,7.0,103.0,0.08,5.0,20.0,2380.0,False
8958,RealTimeInference,RegionC,RegionC,2307,2307,2312.7,0.0,5.0,342.0,0.08,5.0,20.0,2313.0,False
12363,RealTimeInference,RegionC,RegionC,2357,2357,2361.7,0.0,5.0,282.0,0.08,5.0,20.0,2362.0,False
10308,RealTimeInference,RegionB,RegionB,2338,2338,2340.7,0.0,7.0,162.0,0.08,5.0,20.0,2341.0,False
3294,RealTimeInference,RegionA,RegionA,2304,2304,2309.7,0.0,3.0,342.0,0.08,5.0,20.0,2310.0,False
15374,RealTimeInference,RegionC,RegionC,2303,2303,2308.7,0.0,1.0,342.0,0.08,5.0,20.0,2309.0,False
31617,RealTimeInference,RegionA,RegionA,2371,2371,2372.7,0.0,7.0,102.0,0.08,5.0,20.0,2373.0,False
20798,RealTimeInference,RegionC,RegionC,2328,2328,2332.6833333333334,0.0,3.0,281.0,0.08,5.0,20.0,2333.0,False
723,RealTimeInference,RegionA,RegionA,2300,2300,2305.6833333333334,0.0,2.0,341.0,0.08,5.0,20.0,2306.0,False
24146,RealTimeInference,RegionA,RegionA,2302,2302,2303.6833333333334,0.0,4.0,101.0,0.08,5.0,20.0,2304.0,False
21400,RealTimeInference,RegionB,RegionB,2399,2399,2400.6833333333334,0.0,1.0,101.0,0.08,5.0,20.0,2401.0,False
41926,RealTimeInference,RegionC,RegionC,2376,2376,2379.6833333333334,0.0,6.0,221.0,0.08,5.0,20.0,2380.0,False
30610,RealTimeInference,RegionB,RegionB,2398,2398,2400.6833333333334,0.0,7.0,161.0,0.08,5.0,20.0,2401.0,False
43998,RealTimeInference,RegionB,RegionB,2361,2361,2364.6833333333334,0.0,2.0,221.0,0.08,5.0,20.0,2365.0,False
48396,RealTimeInference,RegionA,RegionA,2386,2386,2388.6833333333334,0.0,2.0,161.0,0.08,5.0,20.0,2389.0,False
13832,RealTimeInference,RegionC,RegionC,2357,2357,2361.6666666666665,0.0,6.0,280.0,0.08,5.0,20.0,2362.0,False
44602,RealTimeInference,RegionC,RegionC,2393,2393,2398.6666666666665,0.0,4.0,340.0,0.08,5.0,20.0,2399.0,False
24257,RealTimeInference,RegionA,RegionA,2336,2336,2340.6666666666665,0.0,3.0,280.0,0.08,5.0,20.0,2341.0,False
34254,RealTimeInference,RegionA,RegionA,2317,2317,2321.6666666666665,0.0,1.0,280.0,0.08,5.0,20.0,2322.0,False
23708,RealTimeInference,RegionB,RegionB,2387,2387,2388.6666666666665,0.0,7.0,100.0,0.08,5.0,20.0,2389.0,False
17833,RealTimeInference,RegionC,RegionC,2303,2303,2303.6666666666665,0.0,1.0,40.0,0.08,5.0,20.0,2304.0,False
27351,RealTimeInference,RegionC,RegionC,2300,2300,2302.6666666666665,0.0,4.0,160.0,0.08,5.0,20.0,2303.0,False
2491,RealTimeInference,RegionC,RegionC,2345,2345,2351.65,0.0,3.0,399.0,0.08,5.0,20.0,2352.0,False
27487,RealTimeInference,RegionB,RegionB,2355,2355,2359.65,0.0,2.0,279.0,0.08,5.0,20.0,2360.0,False
2508,RealTimeInference,RegionB,RegionB,2378,2378,2382.65,0.0,1.0,279.0,0.08,5.0,20.0,2383.0,False
12025,RealTimeInference,RegionA,RegionA,2387,2387,2387.65,0.0,2.0,39.0,0.08,5.0,20.0,2388.0,False
32277,RealTimeInference,RegionC,RegionC,2328,2328,2331.65,0.0,7.0,219.0,0.08,5.0,20.0,2332.0,False
14322,RealTimeInference,RegionB,RegionB,2347,2347,2349.65,0.0,7.0,159.0,0.08,5.0,20.0,2350.0,False
27091,RealTimeInference,RegionA,RegionA,2301,2301,2303.65,0.0,4.0,159.0,0.08,5.0,20.0,2304.0,False
28591,RealTimeInference,RegionC,RegionC,2316,2316,2317.65,0.0,6.0,99.0,0.08,5.0,20.0,2318.0,False
25000,RealTimeInference,RegionB,RegionB,2387,2387,2388.65,0.0,6.0,99.0,0.08,5.0,20.0,2389.0,False
47475,RealTimeInference,RegionC,RegionC,2305,2305,2311.633333333333,0.0,6.0,398.0,0.08,5.0,20.0,2312.0,False
7165,RealTimeInference,RegionB,RegionB,2397,2397,2401.633333333333,0.0,5.0,278.0,0.08,5.0,20.0,2402.0,False
39672,RealTimeInference,RegionA,RegionA,2364,2364,2365.633333333333,0.0,7.0,98.0,0.08,5.0,20.0,2366.0,False
20965,RealTimeInference,RegionA,RegionA,2377,2377,2379.633333333333,0.0,2.0,158.0,0.08,5.0,20.0,2380.0,False
49049,RealTimeInference,RegionB,RegionB,2377,2377,2378.633333333333,0.0,3.0,98.0,0.08,5.0,20.0,2379.0,False
22919,RealTimeInference,RegionA,RegionA,2324,2324,2325.633333333333,0.0,2.0,98.0,0.08,5.0,20.0,2326.0,False
7325,RealTimeInference,RegionC,RegionC,2338,2338,2338.633333333333,0.0,5.0,38.0,0.08,5.0,20.0,2339.0,False
2184,RealTimeInference,RegionA,RegionA,2360,2360,2361.633333333333,0.0,1.0,98.0,0.08,5.0,20.0,2362.0,False
11070,RealTimeInference,RegionC,RegionC,2332,2332,2332.633333333333,0.0,2.0,38.0,0.08,5.0,20.0,2333.0,False
44160,RealTimeInference,RegionA,RegionC,2368,2368,2371.616666666667,0.0,7.0,217.0,0.08,15.0,20.0,2372.0,True
37595,RealTimeInference,RegionB,RegionB,2340,2340,2343.616666666667,0.0,4.0,217.0,0.08,5.0,20.0,2344.0,False
11000,RealTimeInference,RegionA,RegionA,2341,2341,2343.616666666667,0.0,4.0,157.0,0.08,5.0,20.0,2344.0,False
34873,RealTimeInference,RegionB,RegionB,2368,2368,2370.616666666667,0.0,3.0,157.0,0.08,5.0,20.0,2371.0,False
6008,RealTimeInference,RegionA,RegionA,2369,2369,2372.616666666667,0.0,2.0,217.0,0.08,5.0,20.0,2373.0,False
24923,RealTimeInference,RegionB,RegionB,2312,2312,2312.616666666667,0.0,5.0,37.0,0.08,5.0,20.0,2313.0,False
41235,RealTimeInference,RegionB,RegionB,2308,2308,2310.616666666667,0.0,1.0,157.0,0.08,5.0,20.0,2311.0,False
929,RealTimeInference,RegionC,RegionC,2337,2337,2339.616666666667,0.0,1.0,157.0,0.08,5.0,20.0,2340.0,False
46856,RealTimeInference,RegionA,RegionA,2315,2315,2315.616666666667,0.0,4.0,37.0,0.08,5.0,20.0,2316.0,False
7363,RealTimeInference,RegionB,RegionB,2340,2340,2340.616666666667,0.0,4.0,37.0,0.08,5.0,20.0,2341.0,False
9507,RealTimeInference,RegionB,RegionB,2314,2314,2314.616666666667,0.0,1.0,37.0,0.08,5.0,20.0,2315.0,False
30348,RealTimeInference,RegionC,RegionC,2303,2303,2309.616666666667,0.0,7.0,397.0,0.08,5.0,20.0,2310.0,False
23424,RealTimeInference,RegionA,RegionC,2379,2379,2385.616666666667,0.0,5.0,397.0,0.08,15.0,20.0,2386.0,True
6693,RealTimeInference,RegionB,RegionB,2373,2373,2377.616666666667,0.0,7.0,277.0,0.08,5.0,20.0,2378.0,False
23682,RealTimeInference,RegionB,RegionB,2396,2396,2400.616666666667,0.0,7.0,277.0,0.08,5.0,20.0,2401.0,False
14669,RealTimeInference,RegionB,RegionB,2385,2385,2389.616666666667,0.0,6.0,277.0,0.08,5.0,20.0,2390.0,False
20826,RealTimeInference,RegionA,RegionC,2371,2371,2377.616666666667,0.0,4.0,397.0,0.08,15.0,20.0,2378.0,True
31680,RealTimeInference,RegionC,RegionC,2342,2342,2348.616666666667,0.0,3.0,397.0,0.08,5.0,20.0,2349.0,False
35783,RealTimeInference,RegionA,RegionA,2391,2391,2395.616666666667,0.0,3.0,277.0,0.08,5.0,20.0,2396.0,False
24809,RealTimeInference,RegionA,RegionA,2348,2348,2350.6,0.0,5.0,156.0,0.08,5.0,20.0,2351.0,False
11532,RealTimeInference,RegionA,RegionA,2349,2349,2349.6,0.0,5.0,36.0,0.08,5.0,20.0,2350.0,False
34829,RealTimeInference,RegionC,RegionC,2334,2334,2334.6,0.0,3.0,36.0,0.08,5.0,20.0,2335.0,False
1256,RealTimeInference,RegionB,RegionB,2310,2310,2316.6,0.0,7.0,396.0,0.08,5.0,20.0,2317.0,False
34140,RealTimeInference,RegionC,RegionC,2342,2342,2347.6,0.0,7.0,336.0,0.08,5.0,20.0,2348.0,False
20547,RealTimeInference,RegionB,RegionB,2304,2304,2310.6,0.0,5.0,396.0,0.08,5.0,20.0,2311.0,False
41451,RealTimeInference,RegionA,RegionC,2399,2399,2405.6,0.0,4.0,396.0,0.08,15.0,20.0,2406.0,True
39932,RealTimeInference,RegionC,RegionC,2308,2308,2312.6,0.0,4.0,276.0,0.08,5.0,20.0,2313.0,False
42840,RealTimeInference,RegionA,RegionA,2339,2339,2343.6,0.0,2.0,276.0,0.08,5.0,20.0,2344.0,False
27589,RealTimeInference,RegionA,RegionA,2329,2329,2335.6,0.0,1.0,396.0,0.08,5.0,20.0,2336.0,False
44763,RealTimeInference,RegionA,RegionA,2367,2367,2372.6,0.0,1.0,336.0,0.08,5.0,20.0,2373.0,False
12706,RealTimeInference,RegionA,RegionA,2342,2342,2344.5833333333335,0.0,7.0,155.0,0.08,5.0,20.0,2345.0,False
33742,RealTimeInference,RegionA,RegionA,2376,2376,2378.5833333333335,0.0,3.0,155.0,0.08,5.0,20.0,2379.0,False
43240,RealTimeInference,RegionA,RegionC,2381,2381,2387.5833333333335,0.0,7.0,395.0,0.08,15.0,20.0,2388.0,True
3368,RealTimeInference,RegionB,RegionB,2365,2365,2371.5833333333335,0.0,5.0,395.0,0.08,5.0,20.0,2372.0,False
43765,RealTimeInference,RegionA,RegionC,2318,2318,2322.5833333333335,0.0,7.0,275.0,0.08,15.0,20.0,2323.0,True
614,RealTimeInference,RegionC,RegionC,2373,2373,2378.5833333333335,0.0,5.0,335.0,0.08,5.0,20.0,2379.0,False
10405,RealTimeInference,RegionB,RegionB,2330,2330,2334.5833333333335,0.0,6.0,275.0,0.08,5.0,20.0,2335.0,False
44718,RealTimeInference,RegionB,RegionB,2305,2305,2310.5833333333335,0.0,4.0,335.0,0.08,5.0,20.0,2311.0,False
3545,RealTimeInference,RegionB,RegionB,2366,2366,2371.5833333333335,0.0,4.0,335.0,0.08,5.0,20.0,2372.0,False
15509,RealTimeInference,RegionB,RegionB,2374,2374,2379.5833333333335,0.0,3.0,335.0,0.08,5.0,20.0,2380.0,False
6198,RealTimeInference,RegionA,RegionA,2358,2358,2362.5833333333335,0.0,3.0,275.0,0.08,5.0,20.0,2363.0,False
12648,RealTimeInference,RegionA,RegionA,2332,2332,2336.5833333333335,0.0,2.0,275.0,0.08,5.0,20.0,2337.0,False
43374,RealTimeInference,RegionB,RegionB,2372,2372,2378.5833333333335,0.0,1.0,395.0,0.08,5.0,20.0,2379.0,False
25136,RealTimeInference,RegionA,RegionA,2328,2328,2331.5666666666666,0.0,4.0,214.0,0.08,5.0,20.0,2332.0,False
40052,RealTimeInference,RegionA,RegionA,2326,2326,2328.5666666666666,0.0,4.0,154.0,0.08,5.0,20.0,2329.0,False
14064,RealTimeInference,RegionA,RegionA,2345,2345,2345.5666666666666,0.0,5.0,34.0,0.08,5.0,20.0,2346.0,False
11755,RealTimeInference,RegionA,RegionA,2354,2354,2354.5666666666666,0.0,2.0,34.0,0.08,5.0,20.0,2355.0,False
6295,RealTimeInference,RegionC,RegionC,2356,2356,2360.5666666666666,0.0,6.0,274.0,0.08,5.0,20.0,2361.0,False
44811,RealTimeInference,RegionB,RegionB,2392,2392,2397.5666666666666,0.0,2.0,334.0,0.08,5.0,20.0,2398.0,False
36735,RealTimeInference,RegionB,RegionB,2387,2387,2391.5666666666666,0.0,2.0,274.0,0.08,5.0,20.0,2392.0,False
49940,RealTimeInference,RegionB,RegionB,2376,2376,2377.55,0.0,6.0,93.0,0.08,5.0,20.0,2378.0,False
33863,RealTimeInference,RegionB,RegionB,2372,2372,2372.55,0.0,5.0,33.0,0.08,5.0,20.0,2373.0,False
38774,RealTimeInference,RegionA,RegionA,2396,2396,2396.55,0.0,4.0,33.0,0.08,5.0,20.0,2397.0,False
17052,RealTimeInference,RegionC,RegionC,2398,2398,2398.55,0.0,2.0,33.0,0.08,5.0,20.0,2399.0,False
23662,RealTimeInference,RegionB,RegionB,2302,2302,2306.55,0.0,6.0,273.0,0.08,5.0,20.0,2307.0,False
745,RealTimeInference,RegionC,RegionC,2319,2319,2325.55,0.0,4.0,393.0,0.08,5.0,20.0,2326.0,False
18643,RealTimeInference,RegionA,RegionC,2313,2313,2317.55,0.0,5.0,273.0,0.08,15.0,20.0,2318.0,True
17142,RealTimeInference,RegionB,RegionB,2373,2373,2378.55,0.0,3.0,333.0,0.08,5.0,20.0,2379.0,False
23146,RealTimeInference,RegionC,RegionC,2387,2387,2392.55,0.0,3.0,333.0,0.08,5.0,20.0,2393.0,False
2553,RealTimeInference,RegionA,RegionA,2319,2319,2321.55,0.0,6.0,153.0,0.08,5.0,20.0,2322.0,False
24537,RealTimeInference,RegionC,RegionC,2357,2357,2359.55,0.0,6.0,153.0,0.08,5.0,20.0,2360.0,False
15304,RealTimeInference,RegionA,RegionA,2324,2324,2328.55,0.0,3.0,273.0,0.08,5.0,20.0,2329.0,False
16881,RealTimeInference,RegionB,RegionB,2304,2304,2307.55,0.0,2.0,213.0,0.08,5.0,20.0,2308.0,False
11368,RealTimeInference,RegionA,RegionA,2324,2324,2327.55,0.0,1.0,213.0,0.08,5.0,20.0,2328.0,False
21897,RealTimeInference,RegionA,RegionA,2393,2393,2394.5333333333333,0.0,3.0,92.0,0.08,5.0,20.0,2395.0,False
30265,RealTimeInference,RegionA,RegionA,2340,2340,2340.5333333333333,0.0,2.0,32.0,0.08,5.0,20.0,2341.0,False
48734,RealTimeInference,RegionB,RegionB,2359,2359,2364.5333333333333,0.0,7.0,332.0,0.08,5.0,20.0,2365.0,False
26836,RealTimeInference,RegionA,RegionC,2396,2396,2400.5333333333333,0.0,7.0,272.0,0.08,15.0,20.0,2401.0,True
30025,RealTimeInference,RegionB,RegionB,2343,2343,2349.5333333333333,0.0,4.0,392.0,0.08,5.0,20.0,2350.0,False
31748,RealTimeInference,RegionA,RegionC,2393,2393,2398.5333333333333,0.0,4.0,332.0,0.08,15.0,20.0,2399.0,True
38021,RealTimeInference,RegionB,RegionB,2393,2393,2396.5333333333333,0.0,6.0,212.0,0.08,5.0,20.0,2397.0,False
16950,RealTimeInference,RegionA,RegionA,2384,2384,2386.5333333333333,0.0,6.0,152.0,0.08,5.0,20.0,2387.0,False
45743,RealTimeInference,RegionB,RegionB,2377,2377,2383.5333333333333,0.0,2.0,392.0,0.08,5.0,20.0,2384.0,False
28623,RealTimeInference,RegionC,RegionC,2302,2302,2306.5333333333333,0.0,2.0,272.0,0.08,5.0,20.0,2307.0,False
7383,RealTimeInference,RegionC,RegionC,2337,2337,2339.5333333333333,0.0,3.0,152.0,0.08,5.0,20.0,2340.0,False
22310,RealTimeInference,RegionA,RegionA,2365,2365,2368.5333333333333,0.0,1.0,212.0,0.08,5.0,20.0,2369.0,False
19430,RealTimeInference,RegionA,RegionA,2343,2343,2343.516666666667,0.0,1.0,31.0,0.08,5.0,20.0,2344.0,False
22520,RealTimeInference,RegionA,RegionC,2333,2333,2338.516666666667,0.0,6.0,331.0,0.08,15.0,20.0,2339.0,True
28777,RealTimeInference,RegionA,RegionC,2344,2344,2348.516666666667,0.0,7.0,271.0,0.08,15.0,20.0,2349.0,True
23192,RealTimeInference,RegionC,RegionC,2342,2342,2346.516666666667,0.0,3.0,271.0,0.08,5.0,20.0,2347.0,False
48152,RealTimeInference,RegionC,RegionC,2356,2356,2357.516666666667,0.0,7.0,91.0,0.08,5.0,20.0,2358.0,False
32175,RealTimeInference,RegionA,RegionA,2332,2332,2333.516666666667,0.0,6.0,91.0,0.08,5.0,20.0,2334.0,False
9936,RealTimeInference,RegionC,RegionC,2385,2385,2386.516666666667,0.0,5.0,91.0,0.08,5.0,20.0,2387.0,False
48360,RealTimeInference,RegionB,RegionB,2304,2304,2305.516666666667,0.0,4.0,91.0,0.08,5.0,20.0,2306.0,False
48434,RealTimeInference,RegionC,RegionC,2331,2331,2334.516666666667,0.0,1.0,211.0,0.08,5.0,20.0,2335.0,False
7791,RealTimeInference,RegionC,RegionC,2343,2343,2345.516666666667,0.0,1.0,151.0,0.08,5.0,20.0,2346.0,False
44378,RealTimeInference,RegionB,RegionB,2355,2355,2358.5,0.0,7.0,210.0,0.08,5.0,20.0,2359.0,False
40292,RealTimeInference,RegionB,RegionB,2364,2364,2367.5,0.0,7.0,210.0,0.08,5.0,20.0,2368.0,False
28097,RealTimeInference,RegionB,RegionB,2354,2354,2356.5,0.0,7.0,150.0,0.08,5.0,20.0,2357.0,False
23781,RealTimeInference,RegionB,RegionB,2308,2308,2310.5,0.0,5.0,150.0,0.08,5.0,20.0,2311.0,False
17519,RealTimeInference,RegionC,RegionC,2305,2305,2307.5,0.0,4.0,150.0,0.08,5.0,20.0,2308.0,False
18914,RealTimeInference,RegionB,RegionB,2306,2306,2311.5,0.0,1.0,330.0,0.08,5.0,20.0,2312.0,False
42642,RealTimeInference,RegionC,RegionC,2382,2382,2385.5,0.0,1.0,210.0,0.08,5.0,20.0,2386.0,False
12779,RealTimeInference,RegionA,RegionC,2348,2348,2354.483333333333,0.0,4.0,389.0,0.08,15.0,20.0,2355.0,True
20956,RealTimeInference,RegionC,RegionC,2336,2336,2339.483333333333,0.0,5.0,209.0,0.08,5.0,20.0,2340.0,False
32240,RealTimeInference,RegionA,RegionA,2352,2352,2357.483333333333,0.0,2.0,329.0,0.08,5.0,20.0,2358.0,False
27716,RealTimeInference,RegionB,RegionB,2345,2345,2347.483333333333,0.0,3.0,149.0,0.08,5.0,20.0,2348.0,False
25839,RealTimeInference,RegionA,RegionA,2378,2378,2383.483333333333,0.0,1.0,329.0,0.08,5.0,20.0,2384.0,False
12444,RealTimeInference,RegionA,RegionA,2394,2394,2398.483333333333,0.0,1.0,269.0,0.08,5.0,20.0,2399.0,False
33625,RealTimeInference,RegionA,RegionA,2347,2347,2347.483333333333,0.0,6.0,29.0,0.08,5.0,20.0,2348.0,False
22947,RealTimeInference,RegionB,RegionB,2372,2372,2372.483333333333,0.0,6.0,29.0,0.08,5.0,20.0,2373.0,False
44096,RealTimeInference,RegionB,RegionB,2328,2328,2330.483333333333,0.0,1.0,149.0,0.08,5.0,20.0,2331.0,False
42755,RealTimeInference,RegionA,RegionA,2310,2310,2310.483333333333,0.0,5.0,29.0,0.08,5.0,20.0,2311.0,False
31362,RealTimeInference,RegionA,RegionC,2305,2305,2309.4666666666667,0.0,5.0,268.0,0.08,15.0,20.0,2310.0,True
2776,RealTimeInference,RegionA,RegionA,2340,2340,2346.4666666666667,0.0,2.0,388.0,0.08,5.0,20.0,2347.0,False
44930,RealTimeInference,RegionC,RegionC,2356,2356,2358.4666666666667,0.0,5.0,148.0,0.08,5.0,20.0,2359.0,False
49666,RealTimeInference,RegionC,RegionC,2373,2373,2378.4666666666667,0.0,2.0,328.0,0.08,5.0,20.0,2379.0,False
31449,RealTimeInference,RegionB,RegionB,2356,2356,2360.4666666666667,0.0,2.0,268.0,0.08,5.0,20.0,2361.0,False
16313,RealTimeInference,RegionA,RegionA,2365,2365,2370.4666666666667,0.0,1.0,328.0,0.08,5.0,20.0,2371.0,False
39987,RealTimeInference,RegionA,RegionA,2355,2355,2357.4666666666667,0.0,2.0,148.0,0.08,5.0,20.0,2358.0,False
29772,RealTimeInference,RegionC,RegionC,2348,2348,2352.4666666666667,0.0,1.0,268.0,0.08,5.0,20.0,2353.0,False
18321,RealTimeInference,RegionA,RegionA,2328,2328,2331.4666666666667,0.0,1.0,208.0,0.08,5.0,20.0,2332.0,False
23029,RealTimeInference,RegionC,RegionC,2352,2352,2352.4666666666667,0.0,3.0,28.0,0.08,5.0,20.0,2353.0,False
47993,RealTimeInference,RegionC,RegionC,2377,2377,2378.4666666666667,0.0,4.0,88.0,0.08,5.0,20.0,2379.0,False
6481,RealTimeInference,RegionA,RegionC,2377,2377,2383.45,0.0,6.0,387.0,0.08,15.0,20.0,2384.0,True
47485,RealTimeInference,RegionA,RegionC,2313,2313,2318.45,0.0,7.0,327.0,0.08,15.0,20.0,2319.0,True
2751,RealTimeInference,RegionB,RegionB,2362,2362,2365.45,0.0,7.0,207.0,0.08,5.0,20.0,2366.0,False
31031,RealTimeInference,RegionC,RegionC,2317,2317,2321.45,0.0,5.0,267.0,0.08,5.0,20.0,2322.0,False
4590,RealTimeInference,RegionC,RegionC,2382,2382,2385.45,0.0,5.0,207.0,0.08,5.0,20.0,2386.0,False
26365,RealTimeInference,RegionB,RegionB,2326,2326,2328.45,0.0,6.0,147.0,0.08,5.0,20.0,2329.0,False
36400,RealTimeInference,RegionA,RegionA,2328,2328,2330.45,0.0,5.0,147.0,0.08,5.0,20.0,2331.0,False
18318,RealTimeInference,RegionC,RegionC,2356,2356,2357.45,0.0,7.0,87.0,0.08,5.0,20.0,2358.0,False
36480,RealTimeInference,RegionB,RegionB,2348,2348,2349.45,0.0,5.0,87.0,0.08,5.0,20.0,2350.0,False
11623,RealTimeInference,RegionA,RegionA,2338,2338,2338.45,0.0,7.0,27.0,0.08,5.0,20.0,2339.0,False
42453,RealTimeInference,RegionA,RegionA,2341,2341,2342.45,0.0,2.0,87.0,0.08,5.0,20.0,2343.0,False
23014,RealTimeInference,RegionB,RegionB,2375,2375,2375.45,0.0,4.0,27.0,0.08,5.0,20.0,2376.0,False
35543,RealTimeInference,RegionC,RegionC,2366,2366,2366.45,0.0,1.0,27.0,0.08,5.0,20.0,2367.0,False
33900,RealTimeInference,RegionA,RegionC,2356,2356,2362.4333333333334,0.0,6.0,386.0,0.08,15.0,20.0,2363.0,True
14941,RealTimeInference,RegionC,RegionC,2365,2365,2370.4333333333334,0.0,6.0,326.0,0.08,5.0,20.0,2371.0,False
26235,RealTimeInference,RegionB,RegionB,2312,2312,2318.4333333333334,0.0,5.0,386.0,0.08,5.0,20.0,2319.0,False
18394,RealTimeInference,RegionA,RegionA,2396,2396,2401.4333333333334,0.0,3.0,326.0,0.08,5.0,20.0,2402.0,False
40341,RealTimeInference,RegionA,RegionA,2396,2396,2402.4333333333334,0.0,2.0,386.0,0.08,5.0,20.0,2403.0,False
46008,RealTimeInference,RegionA,RegionA,2352,2352,2357.4333333333334,0.0,2.0,326.0,0.08,5.0,20.0,2358.0,False
17520,RealTimeInference,RegionA,RegionA,2353,2353,2358.4333333333334,0.0,2.0,326.0,0.08,5.0,20.0,2359.0,False
39401,RealTimeInference,RegionC,RegionC,2348,2348,2353.4333333333334,0.0,1.0,326.0,0.08,5.0,20.0,2354.0,False
11182,RealTimeInference,RegionC,RegionC,2371,2371,2376.4333333333334,0.0,1.0,326.0,0.08,5.0,20.0,2377.0,False
39125,RealTimeInference,RegionC,RegionC,2362,2362,2363.4333333333334,0.0,4.0,86.0,0.08,5.0,20.0,2364.0,False
8199,RealTimeInference,RegionA,RegionA,2304,2304,2304.4333333333334,0.0,4.0,26.0,0.08,5.0,20.0,2305.0,False
14110,RealTimeInference,RegionA,RegionA,2356,2356,2356.4333333333334,0.0,1.0,26.0,0.08,5.0,20.0,2357.0,False
48326,RealTimeInference,RegionB,RegionB,2372,2372,2372.4333333333334,0.0,1.0,26.0,0.08,5.0,20.0,2373.0,False
35544,RealTimeInference,RegionC,RegionC,2387,2387,2390.4333333333334,0.0,7.0,206.0,0.08,5.0,20.0,2391.0,False
2248,RealTimeInference,RegionC,RegionC,2351,2351,2354.4333333333334,0.0,5.0,206.0,0.08,5.0,20.0,2355.0,False
25215,RealTimeInference,RegionA,RegionA,2391,2391,2394.4333333333334,0.0,5.0,206.0,0.08,5.0,20.0,2395.0,False
1623,RealTimeInference,RegionB,RegionB,2345,2345,2347.4333333333334,0.0,6.0,146.0,0.08,5.0,20.0,2348.0,False
27485,RealTimeInference,RegionA,RegionA,2393,2393,2395.4333333333334,0.0,5.0,146.0,0.08,5.0,20.0,2396.0,False
10356,RealTimeInference,RegionC,RegionC,2361,2361,2364.4333333333334,0.0,2.0,206.0,0.08,5.0,20.0,2365.0,False
20712,RealTimeInference,RegionC,RegionC,2361,2361,2364.4333333333334,0.0,1.0,206.0,0.08,5.0,20.0,2365.0,False
28392,RealTimeInference,RegionB,RegionB,2372,2372,2378.4166666666665,0.0,6.0,385.0,0.08,5.0,20.0,2379.0,False
4986,RealTimeInference,RegionA,RegionC,2365,2365,2371.4166666666665,0.0,5.0,385.0,0.08,15.0,20.0,2372.0,True
40948,RealTimeInference,RegionB,RegionB,2322,2322,2327.4166666666665,0.0,5.0,325.0,0.08,5.0,20.0,2328.0,False
24714,RealTimeInference,RegionC,RegionC,2380,2380,2385.4166666666665,0.0,5.0,325.0,0.08,5.0,20.0,2386.0,False
38895,RealTimeInference,RegionC,RegionC,2344,2344,2350.4166666666665,0.0,1.0,385.0,0.08,5.0,20.0,2351.0,False
2054,RealTimeInference,RegionA,RegionA,2320,2320,2321.4166666666665,0.0,6.0,85.0,0.08,5.0,20.0,2322.0,False
12033,RealTimeInference,RegionB,RegionB,2334,2334,2335.4166666666665,0.0,5.0,85.0,0.08,5.0,20.0,2336.0,False
12619,RealTimeInference,RegionC,RegionC,2339,2339,2340.4166666666665,0.0,4.0,85.0,0.08,5.0,20.0,2341.0,False
36910,RealTimeInference,RegionA,RegionA,2352,2352,2352.4166666666665,0.0,6.0,25.0,0.08,5.0,20.0,2353.0,False
1146,RealTimeInference,RegionC,RegionC,2345,2345,2348.4166666666665,0.0,6.0,205.0,0.08,5.0,20.0,2349.0,False
25661,RealTimeInference,RegionA,RegionA,2345,2345,2347.4166666666665,0.0,7.0,145.0,0.08,5.0,20.0,2348.0,False
7910,RealTimeInference,RegionA,RegionA,2322,2322,2324.4166666666665,0.0,6.0,145.0,0.08,5.0,20.0,2325.0,False
22150,RealTimeInference,RegionC,RegionC,2375,2375,2377.4166666666665,0.0,4.0,145.0,0.08,5.0,20.0,2378.0,False
24568,RealTimeInference,RegionB,RegionB,2378,2378,2380.4166666666665,0.0,4.0,145.0,0.08,5.0,20.0,2381.0,False
8283,RealTimeInference,RegionC,RegionC,2300,2300,2302.4166666666665,0.0,2.0,145.0,0.08,5.0,20.0,2303.0,False
5897,RealTimeInference,RegionA,RegionA,2335,2335,2337.4166666666665,0.0,2.0,145.0,0.08,5.0,20.0,2338.0,False
1922,RealTimeInference,RegionA,RegionC,2306,2306,2312.4,0.0,4.0,384.0,0.08,15.0,20.0,2313.0,True
40615,RealTimeInference,RegionC,RegionC,2325,2325,2330.4,0.0,2.0,324.0,0.08,5.0,20.0,2331.0,False
30708,RealTimeInference,RegionB,RegionB,2379,2379,2385.4,0.0,1.0,384.0,0.08,5.0,20.0,2386.0,False
40317,RealTimeInference,RegionB,RegionB,2301,2301,2303.4,0.0,6.0,144.0,0.08,5.0,20.0,2304.0,False
32465,RealTimeInference,RegionB,RegionB,2386,2386,2388.4,0.0,6.0,144.0,0.08,5.0,20.0,2389.0,False
36175,RealTimeInference,RegionA,RegionA,2388,2388,2389.4,0.0,5.0,84.0,0.08,5.0,20.0,2390.0,False
30183,RealTimeInference,RegionB,RegionB,2375,2375,2378.4,0.0,2.0,204.0,0.08,5.0,20.0,2379.0,False
8583,RealTimeInference,RegionB,RegionB,2335,2335,2336.4,0.0,4.0,84.0,0.08,5.0,20.0,2337.0,False
44418,RealTimeInference,RegionB,RegionB,2339,2339,2340.4,0.0,3.0,84.0,0.08,5.0,20.0,2341.0,False
33183,RealTimeInference,RegionC,RegionC,2325,2325,2329.383333333333,0.0,7.0,263.0,0.08,5.0,20.0,2330.0,False
6423,RealTimeInference,RegionA,RegionC,2377,2377,2381.383333333333,0.0,7.0,263.0,0.08,15.0,20.0,2382.0,True
39788,RealTimeInference,RegionC,RegionC,2399,2399,2403.383333333333,0.0,7.0,263.0,0.08,5.0,20.0,2404.0,False
35269,RealTimeInference,RegionC,RegionC,2303,2303,2307.383333333333,0.0,6.0,263.0,0.08,5.0,20.0,2308.0,False
43767,RealTimeInference,RegionB,RegionB,2368,2368,2372.383333333333,0.0,5.0,263.0,0.08,5.0,20.0,2373.0,False
47612,RealTimeInference,RegionB,RegionB,2336,2336,2340.383333333333,0.0,4.0,263.0,0.08,5.0,20.0,2341.0,False
45879,RealTimeInference,RegionB,RegionB,2383,2383,2387.383333333333,0.0,3.0,263.0,0.08,5.0,20.0,2388.0,False
41513,RealTimeInference,RegionC,RegionC,2381,2381,2383.383333333333,0.0,6.0,143.0,0.08,5.0,20.0,2384.0,False
11877,RealTimeInference,RegionC,RegionC,2382,2382,2383.383333333333,0.0,7.0,83.0,0.08,5.0,20.0,2384.0,False
42141,RealTimeInference,RegionB,RegionB,2355,2355,2356.383333333333,0.0,4.0,83.0,0.08,5.0,20.0,2357.0,False
23594,RealTimeInference,RegionA,RegionA,2332,2332,2332.383333333333,0.0,4.0,23.0,0.08,5.0,20.0,2333.0,False
13798,RealTimeInference,RegionB,RegionB,2335,2335,2335.383333333333,0.0,1.0,23.0,0.08,5.0,20.0,2336.0,False
10407,RealTimeInference,RegionC,RegionC,2389,2389,2391.366666666667,0.0,7.0,142.0,0.08,5.0,20.0,2392.0,False
10794,RealTimeInference,RegionC,RegionC,2366,2366,2368.366666666667,0.0,6.0,142.0,0.08,5.0,20.0,2369.0,False
39925,RealTimeInference,RegionC,RegionC,2341,2341,2343.366666666667,0.0,5.0,142.0,0.08,5.0,20.0,2344.0,False
21428,RealTimeInference,RegionC,RegionC,2387,2387,2389.366666666667,0.0,5.0,142.0,0.08,5.0,20.0,2390.0,False
26671,RealTimeInference,RegionA,RegionC,2317,2317,2323.366666666667,0.0,6.0,382.0,0.08,15.0,20.0,2324.0,True
36344,RealTimeInference,RegionC,RegionC,2331,2331,2336.366666666667,0.0,7.0,322.0,0.08,5.0,20.0,2337.0,False
25315,RealTimeInference,RegionB,RegionB,2315,2315,2319.366666666667,0.0,7.0,262.0,0.08,5.0,20.0,2320.0,False
43656,RealTimeInference,RegionB,RegionB,2316,2316,2320.366666666667,0.0,6.0,262.0,0.08,5.0,20.0,2321.0,False
6239,RealTimeInference,RegionA,RegionC,2367,2367,2371.366666666667,0.0,5.0,262.0,0.08,15.0,20.0,2372.0,True
4316,RealTimeInference,RegionA,RegionC,2377,2377,2381.366666666667,0.0,5.0,262.0,0.08,15.0,20.0,2382.0,True
6764,RealTimeInference,RegionA,RegionA,2332,2332,2337.366666666667,0.0,2.0,322.0,0.08,5.0,20.0,2338.0,False
47126,RealTimeInference,RegionB,RegionB,2351,2351,2355.366666666667,0.0,2.0,262.0,0.08,5.0,20.0,2356.0,False
46325,RealTimeInference,RegionB,RegionB,2308,2308,2311.35,0.0,7.0,201.0,0.08,5.0,20.0,2312.0,False
1480,RealTimeInference,RegionC,RegionC,2342,2342,2344.35,0.0,5.0,141.0,0.08,5.0,20.0,2345.0,False
44491,RealTimeInference,RegionC,RegionC,2350,2350,2352.35,0.0,3.0,141.0,0.08,5.0,20.0,2353.0,False
9168,RealTimeInference,RegionC,RegionC,2387,2387,2389.35,0.0,3.0,141.0,0.08,5.0,20.0,2390.0,False
39748,RealTimeInference,RegionC,RegionC,2381,2381,2384.35,0.0,1.0,201.0,0.08,5.0,20.0,2385.0,False
43216,RealTimeInference,RegionB,RegionB,2305,2305,2311.35,0.0,7.0,381.0,0.08,5.0,20.0,2312.0,False
27687,RealTimeInference,RegionA,RegionC,2312,2312,2318.35,0.0,6.0,381.0,0.08,15.0,20.0,2319.0,True
37077,RealTimeInference,RegionB,RegionB,2322,2322,2328.35,0.0,6.0,381.0,0.08,5.0,20.0,2329.0,False
15803,RealTimeInference,RegionA,RegionC,2302,2302,2307.35,0.0,6.0,321.0,0.08,15.0,20.0,2308.0,True
36548,RealTimeInference,RegionC,RegionC,2317,2317,2321.35,0.0,6.0,261.0,0.08,5.0,20.0,2322.0,False
41298,RealTimeInference,RegionA,RegionC,2383,2383,2388.35,0.0,4.0,321.0,0.08,15.0,20.0,2389.0,True
5272,RealTimeInference,RegionC,RegionC,2398,2398,2402.35,0.0,4.0,261.0,0.08,5.0,20.0,2403.0,False
13015,RealTimeInference,RegionA,RegionA,2367,2367,2373.35,0.0,2.0,381.0,0.08,5.0,20.0,2374.0,False
47379,RealTimeInference,RegionA,RegionA,2341,2341,2344.3333333333335,0.0,6.0,200.0,0.08,5.0,20.0,2345.0,False
26302,RealTimeInference,RegionC,RegionC,2370,2370,2373.3333333333335,0.0,3.0,200.0,0.08,5.0,20.0,2374.0,False
9621,RealTimeInference,RegionC,RegionC,2399,2399,2400.3333333333335,0.0,6.0,80.0,0.08,5.0,20.0,2401.0,False
40243,RealTimeInference,RegionA,RegionA,2361,2361,2362.3333333333335,0.0,4.0,80.0,0.08,5.0,20.0,2363.0,False
28656,RealTimeInference,RegionC,RegionC,2396,2396,2397.3333333333335,0.0,4.0,80.0,0.08,5.0,20.0,2398.0,False
40375,RealTimeInference,RegionA,RegionA,2398,2398,2399.3333333333335,0.0,4.0,80.0,0.08,5.0,20.0,2400.0,False
35085,RealTimeInference,RegionC,RegionC,2344,2344,2344.3333333333335,0.0,4.0,20.0,0.08,5.0,20.0,2345.0,False
39232,RealTimeInference,RegionA,RegionC,2370,2370,2374.3333333333335,0.0,5.0,260.0,0.08,15.0,20.0,2375.0,True
14343,RealTimeInference,RegionC,RegionC,2308,2308,2312.3333333333335,0.0,4.0,260.0,0.08,5.0,20.0,2313.0,False
24212,RealTimeInference,RegionA,RegionA,2312,2312,2316.3333333333335,0.0,3.0,260.0,0.08,5.0,20.0,2317.0,False
45057,RealTimeInference,RegionA,RegionA,2371,2371,2376.3333333333335,0.0,2.0,320.0,0.08,5.0,20.0,2377.0,False
36898,RealTimeInference,RegionA,RegionA,2366,2366,2369.3166666666666,0.0,6.0,199.0,0.08,5.0,20.0,2370.0,False
19172,RealTimeInference,RegionC,RegionC,2398,2398,2401.3166666666666,0.0,6.0,199.0,0.08,5.0,20.0,2402.0,False
3287,RealTimeInference,RegionA,RegionA,2340,2340,2342.3166666666666,0.0,4.0,139.0,0.08,5.0,20.0,2343.0,False
44796,RealTimeInference,RegionA,RegionA,2309,2309,2311.3166666666666,0.0,1.0,139.0,0.08,5.0,20.0,2312.0,False
49330,RealTimeInference,RegionB,RegionB,2304,2304,2305.3166666666666,0.0,7.0,79.0,0.08,5.0,20.0,2306.0,False
32007,RealTimeInference,RegionB,RegionB,2307,2307,2308.3166666666666,0.0,4.0,79.0,0.08,5.0,20.0,2309.0,False
3266,RealTimeInference,RegionA,RegionA,2367,2367,2367.3166666666666,0.0,6.0,19.0,0.08,5.0,20.0,2368.0,False
22322,RealTimeInference,RegionA,RegionC,2327,2327,2332.3166666666666,0.0,7.0,319.0,0.08,15.0,20.0,2333.0,True
42791,RealTimeInference,RegionB,RegionB,2319,2319,2324.3166666666666,0.0,6.0,319.0,0.08,5.0,20.0,2325.0,False
35298,RealTimeInference,RegionA,RegionC,2383,2383,2387.3166666666666,0.0,6.0,259.0,0.08,15.0,20.0,2388.0,True
6327,RealTimeInference,RegionC,RegionC,2323,2323,2327.3166666666666,0.0,5.0,259.0,0.08,5.0,20.0,2328.0,False
26320,RealTimeInference,RegionB,RegionB,2356,2356,2360.3166666666666,0.0,3.0,259.0,0.08,5.0,20.0,2361.0,False
48311,RealTimeInference,RegionA,RegionA,2359,2359,2364.3166666666666,0.0,1.0,319.0,0.08,5.0,20.0,2365.0,False
8784,RealTimeInference,RegionA,RegionA,2336,2336,2337.3,0.0,4.0,78.0,0.08,5.0,20.0,2338.0,False
7210,RealTimeInference,RegionA,RegionA,2326,2326,2326.3,0.0,7.0,18.0,0.08,5.0,20.0,2327.0,False
10043,RealTimeInference,RegionA,RegionA,2337,2337,2337.3,0.0,2.0,18.0,0.08,5.0,20.0,2338.0,False
10523,RealTimeInference,RegionB,RegionB,2305,2305,2311.3,0.0,7.0,378.0,0.08,5.0,20.0,2312.0,False
24448,RealTimeInference,RegionA,RegionC,2312,2312,2317.3,0.0,6.0,318.0,0.08,15.0,20.0,2318.0,True
12452,RealTimeInference,RegionB,RegionB,2350,2350,2353.3,0.0,7.0,198.0,0.08,5.0,20.0,2354.0,False
36287,RealTimeInference,RegionA,RegionA,2338,2338,2340.3,0.0,7.0,138.0,0.08,5.0,20.0,2341.0,False
13803,RealTimeInference,RegionB,RegionB,2328,2328,2333.3,0.0,3.0,318.0,0.08,5.0,20.0,2334.0,False
28692,RealTimeInference,RegionA,RegionA,2388,2388,2392.3,0.0,3.0,258.0,0.08,5.0,20.0,2393.0,False
6546,RealTimeInference,RegionA,RegionA,2336,2336,2342.3,0.0,2.0,378.0,0.08,5.0,20.0,2343.0,False
32148,RealTimeInference,RegionA,RegionA,2324,2324,2328.3,0.0,2.0,258.0,0.08,5.0,20.0,2329.0,False
47056,RealTimeInference,RegionC,RegionC,2333,2333,2337.3,0.0,2.0,258.0,0.08,5.0,20.0,2338.0,False
6901,RealTimeInference,RegionA,RegionA,2303,2303,2306.3,0.0,1.0,198.0,0.08,5.0,20.0,2307.0,False
12424,RealTimeInference,RegionA,RegionA,2346,2346,2347.2833333333333,0.0,4.0,77.0,0.08,5.0,20.0,2348.0,False
31777,RealTimeInference,RegionB,RegionB,2320,2320,2321.2833333333333,0.0,3.0,77.0,0.08,5.0,20.0,2322.0,False
24190,RealTimeInference,RegionC,RegionC,2343,2343,2347.2833333333333,0.0,7.0,257.0,0.08,5.0,20.0,2348.0,False
15666,RealTimeInference,RegionB,RegionB,2334,2334,2340.2833333333333,0.0,3.0,377.0,0.08,5.0,20.0,2341.0,False
2953,RealTimeInference,RegionA,RegionA,2321,2321,2324.2833333333333,0.0,5.0,197.0,0.08,5.0,20.0,2325.0,False
11770,RealTimeInference,RegionB,RegionB,2338,2338,2340.2833333333333,0.0,7.0,137.0,0.08,5.0,20.0,2341.0,False
24039,RealTimeInference,RegionC,RegionC,2347,2347,2351.2833333333333,0.0,3.0,257.0,0.08,5.0,20.0,2352.0,False
3337,RealTimeInference,RegionC,RegionC,2338,2338,2340.2833333333333,0.0,2.0,137.0,0.08,5.0,20.0,2341.0,False
28375,RealTimeInference,RegionC,RegionC,2356,2356,2358.2833333333333,0.0,2.0,137.0,0.08,5.0,20.0,2359.0,False
3496,RealTimeInference,RegionA,RegionA,2327,2327,2330.2833333333333,0.0,1.0,197.0,0.08,5.0,20.0,2331.0,False
43032,RealTimeInference,RegionB,RegionB,2388,2388,2390.2833333333333,0.0,1.0,137.0,0.08,5.0,20.0,2391.0,False
49348,RealTimeInference,RegionA,RegionC,2365,2365,2371.266666666667,0.0,5.0,376.0,0.08,15.0,20.0,2372.0,True
21792,RealTimeInference,RegionA,RegionC,2392,2392,2397.266666666667,0.0,4.0,316.0,0.08,15.0,20.0,2398.0,True
13100,RealTimeInference,RegionA,RegionA,2304,2304,2307.266666666667,0.0,5.0,196.0,0.08,5.0,20.0,2308.0,False
1201,RealTimeInference,RegionA,RegionA,2351,2351,2353.266666666667,0.0,6.0,136.0,0.08,5.0,20.0,2354.0,False
49617,RealTimeInference,RegionA,RegionA,2395,2395,2399.266666666667,0.0,3.0,256.0,0.08,5.0,20.0,2400.0,False
40617,RealTimeInference,RegionA,RegionA,2365,2365,2371.266666666667,0.0,2.0,376.0,0.08,5.0,20.0,2372.0,False
37010,RealTimeInference,RegionA,RegionA,2338,2338,2343.266666666667,0.0,2.0,316.0,0.08,5.0,20.0,2344.0,False
48007,RealTimeInference,RegionC,RegionC,2386,2386,2390.266666666667,0.0,2.0,256.0,0.08,5.0,20.0,2391.0,False
2412,RealTimeInference,RegionC,RegionC,2392,2392,2396.266666666667,0.0,2.0,256.0,0.08,5.0,20.0,2397.0,False
33696,RealTimeInference,RegionA,RegionA,2362,2362,2367.266666666667,0.0,1.0,316.0,0.08,5.0,20.0,2368.0,False
5138,RealTimeInference,RegionB,RegionB,2396,2396,2401.266666666667,0.0,1.0,316.0,0.08,5.0,20.0,2402.0,False
39410,RealTimeInference,RegionA,RegionA,2324,2324,2325.266666666667,0.0,3.0,76.0,0.08,5.0,20.0,2326.0,False
5444,RealTimeInference,RegionA,RegionA,2303,2303,2303.266666666667,0.0,3.0,16.0,0.08,5.0,20.0,2304.0,False
42220,RealTimeInference,RegionB,RegionB,2397,2397,2397.266666666667,0.0,2.0,16.0,0.08,5.0,20.0,2398.0,False
5562,RealTimeInference,RegionA,RegionC,2329,2329,2335.25,0.0,7.0,375.0,0.08,15.0,20.0,2336.0,True
2732,RealTimeInference,RegionB,RegionB,2349,2349,2354.25,0.0,7.0,315.0,0.08,5.0,20.0,2355.0,False
5663,RealTimeInference,RegionB,RegionB,2393,2393,2397.25,0.0,6.0,255.0,0.08,5.0,20.0,2398.0,False
49227,RealTimeInference,RegionC,RegionC,2396,2396,2401.25,0.0,3.0,315.0,0.08,5.0,20.0,2402.0,False
26881,RealTimeInference,RegionA,RegionA,2302,2302,2304.25,0.0,6.0,135.0,0.08,5.0,20.0,2305.0,False
21944,RealTimeInference,RegionB,RegionB,2314,2314,2317.25,0.0,4.0,195.0,0.08,5.0,20.0,2318.0,False
25400,RealTimeInference,RegionB,RegionB,2350,2350,2355.25,0.0,2.0,315.0,0.08,5.0,20.0,2356.0,False
16696,RealTimeInference,RegionB,RegionB,2373,2373,2374.25,0.0,6.0,75.0,0.08,5.0,20.0,2375.0,False
8353,RealTimeInference,RegionB,RegionB,2386,2386,2387.25,0.0,5.0,75.0,0.08,5.0,20.0,2388.0,False
23544,RealTimeInference,RegionB,RegionB,2393,2393,2395.25,0.0,1.0,135.0,0.08,5.0,20.0,2396.0,False
17820,RealTimeInference,RegionC,RegionC,2376,2376,2377.25,0.0,1.0,75.0,0.08,5.0,20.0,2378.0,False
13318,RealTimeInference,RegionB,RegionB,2339,2339,2339.25,0.0,1.0,15.0,0.08,5.0,20.0,2340.0,False
27636,RealTimeInference,RegionA,RegionC,2388,2388,2392.233333333333,0.0,7.0,254.0,0.08,15.0,20.0,2393.0,True
16887,RealTimeInference,RegionB,RegionB,2345,2345,2348.233333333333,0.0,6.0,194.0,0.08,5.0,20.0,2349.0,False
2107,RealTimeInference,RegionA,RegionA,2343,2343,2346.233333333333,0.0,5.0,194.0,0.08,5.0,20.0,2347.0,False
19174,RealTimeInference,RegionA,RegionA,2349,2349,2351.233333333333,0.0,3.0,134.0,0.08,5.0,20.0,2352.0,False
23329,RealTimeInference,RegionB,RegionB,2305,2305,2307.233333333333,0.0,2.0,134.0,0.08,5.0,20.0,2308.0,False
27855,RealTimeInference,RegionB,RegionB,2327,2327,2328.233333333333,0.0,3.0,74.0,0.08,5.0,20.0,2329.0,False
10735,RealTimeInference,RegionC,RegionC,2344,2344,2345.233333333333,0.0,2.0,74.0,0.08,5.0,20.0,2346.0,False
40558,RealTimeInference,RegionA,RegionA,2362,2362,2363.233333333333,0.0,2.0,74.0,0.08,5.0,20.0,2364.0,False
39249,RealTimeInference,RegionB,RegionB,2330,2330,2330.233333333333,0.0,6.0,14.0,0.08,5.0,20.0,2331.0,False
48614,RealTimeInference,RegionA,RegionA,2335,2335,2335.233333333333,0.0,2.0,14.0,0.08,5.0,20.0,2336.0,False
19000,RealTimeInference,RegionC,RegionC,2344,2344,2348.2166666666667,0.0,7.0,253.0,0.08,5.0,20.0,2349.0,False
33006,RealTimeInference,RegionC,RegionC,2365,2365,2369.2166666666667,0.0,7.0,253.0,0.08,5.0,20.0,2370.0,False
26658,RealTimeInference,RegionA,RegionC,2354,2354,2358.2166666666667,0.0,6.0,253.0,0.08,15.0,20.0,2359.0,True
482,RealTimeInference,RegionB,RegionB,2356,2356,2362.2166666666667,0.0,4.0,373.0,0.08,5.0,20.0,2363.0,False
12373,RealTimeInference,RegionB,RegionB,2365,2365,2368.2166666666667,0.0,7.0,193.0,0.08,5.0,20.0,2369.0,False
40847,RealTimeInference,RegionA,RegionC,2302,2302,2306.2166666666667,0.0,5.0,253.0,0.08,15.0,20.0,2307.0,True
29096,RealTimeInference,RegionC,RegionC,2358,2358,2361.2166666666667,0.0,6.0,193.0,0.08,5.0,20.0,2362.0,False
49763,RealTimeInference,RegionB,RegionB,2374,2374,2378.2166666666667,0.0,2.0,253.0,0.08,5.0,20.0,2379.0,False
23189,RealTimeInference,RegionA,RegionA,2337,2337,2342.2166666666667,0.0,1.0,313.0,0.08,5.0,20.0,2343.0,False
6196,RealTimeInference,RegionC,RegionC,2360,2360,2360.2166666666667,0.0,3.0,13.0,0.08,5.0,20.0,2361.0,False
40554,RealTimeInference,RegionB,RegionB,2386,2386,2392.2,0.0,5.0,372.0,0.08,5.0,20.0,2393.0,False
35181,RealTimeInference,RegionB,RegionB,2391,2391,2395.2,0.0,4.0,252.0,0.08,5.0,20.0,2396.0,False
4509,RealTimeInference,RegionB,RegionB,2301,2301,2305.2,0.0,3.0,252.0,0.08,5.0,20.0,2306.0,False
23366,RealTimeInference,RegionA,RegionA,2302,2302,2304.2,0.0,5.0,132.0,0.08,5.0,20.0,2305.0,False
17728,RealTimeInference,RegionC,RegionC,2326,2326,2331.2,0.0,2.0,312.0,0.08,5.0,20.0,2332.0,False
45061,RealTimeInference,RegionC,RegionC,2383,2383,2387.2,0.0,2.0,252.0,0.08,5.0,20.0,2388.0,False
9954,RealTimeInference,RegionB,RegionB,2315,2315,2321.2,0.0,1.0,372.0,0.08,5.0,20.0,2322.0,False
28667,RealTimeInference,RegionB,RegionB,2380,2380,2381.2,0.0,6.0,72.0,0.08,5.0,20.0,2382.0,False
18506,RealTimeInference,RegionB,RegionB,2325,2325,2326.2,0.0,5.0,72.0,0.08,5.0,20.0,2327.0,False
19693,RealTimeInference,RegionA,RegionA,2386,2386,2387.2,0.0,4.0,72.0,0.08,5.0,20.0,2388.0,False
1946,RealTimeInference,RegionC,RegionC,2301,2301,2305.1833333333334,0.0,3.0,251.0,0.08,5.0,20.0,2306.0,False
8911,RealTimeInference,RegionB,RegionB,2337,2337,2342.1833333333334,0.0,1.0,311.0,0.08,5.0,20.0,2343.0,False
31339,RealTimeInference,RegionC,RegionC,2339,2339,2340.1833333333334,0.0,7.0,71.0,0.08,5.0,20.0,2341.0,False
26080,RealTimeInference,RegionA,RegionA,2305,2305,2306.1833333333334,0.0,4.0,71.0,0.08,5.0,20.0,2307.0,False
3498,RealTimeInference,RegionB,RegionB,2376,2376,2377.1833333333334,0.0,2.0,71.0,0.08,5.0,20.0,2378.0,False
19266,RealTimeInference,RegionA,RegionA,2361,2361,2361.1833333333334,0.0,2.0,11.0,0.08,5.0,20.0,2362.0,False
23025,RealTimeInference,RegionA,RegionA,2350,2350,2350.1833333333334,0.0,1.0,11.0,0.08,5.0,20.0,2351.0,False
44755,RealTimeInference,RegionA,RegionA,2306,2306,2309.1833333333334,0.0,5.0,191.0,0.08,5.0,20.0,2310.0,False
41049,RealTimeInference,RegionA,RegionA,2324,2324,2326.1833333333334,0.0,6.0,131.0,0.08,5.0,20.0,2327.0,False
25394,RealTimeInference,RegionB,RegionB,2305,2305,2308.1833333333334,0.0,4.0,191.0,0.08,5.0,20.0,2309.0,False
438,RealTimeInference,RegionC,RegionC,2363,2363,2366.1833333333334,0.0,3.0,191.0,0.08,5.0,20.0,2367.0,False
7409,RealTimeInference,RegionB,RegionB,2337,2337,2342.1666666666665,0.0,6.0,310.0,0.08,5.0,20.0,2343.0,False
47519,RealTimeInference,RegionB,RegionB,2362,2362,2367.1666666666665,0.0,6.0,310.0,0.08,5.0,20.0,2368.0,False
9254,RealTimeInference,RegionC,RegionC,2373,2373,2379.1666666666665,0.0,2.0,370.0,0.08,5.0,20.0,2380.0,False
43911,RealTimeInference,RegionB,RegionB,2338,2338,2342.1666666666665,0.0,1.0,250.0,0.08,5.0,20.0,2343.0,False
33596,RealTimeInference,RegionC,RegionC,2358,2358,2359.1666666666665,0.0,6.0,70.0,0.08,5.0,20.0,2360.0,False
33416,RealTimeInference,RegionB,RegionB,2320,2320,2321.1666666666665,0.0,5.0,70.0,0.08,5.0,20.0,2322.0,False
7530,RealTimeInference,RegionA,RegionA,2398,2398,2399.1666666666665,0.0,5.0,70.0,0.08,5.0,20.0,2400.0,False
40797,RealTimeInference,RegionB,RegionB,2331,2331,2331.1666666666665,0.0,7.0,10.0,0.08,5.0,20.0,2332.0,False
13174,RealTimeInference,RegionB,RegionB,2394,2394,2394.1666666666665,0.0,6.0,10.0,0.08,5.0,20.0,2395.0,False
37166,RealTimeInference,RegionA,RegionA,2325,2325,2327.1666666666665,0.0,5.0,130.0,0.08,5.0,20.0,2328.0,False
26242,RealTimeInference,RegionC,RegionC,2353,2353,2355.1666666666665,0.0,4.0,130.0,0.08,5.0,20.0,2356.0,False
28433,RealTimeInference,RegionC,RegionC,2333,2333,2336.1666666666665,0.0,1.0,190.0,0.08,5.0,20.0,2337.0,False
29758,RealTimeInference,RegionC,RegionC,2380,2380,2386.15,0.0,7.0,369.0,0.08,5.0,20.0,2387.0,False
1259,RealTimeInference,RegionA,RegionC,2345,2345,2350.15,0.0,6.0,309.0,0.08,15.0,20.0,2351.0,True
33021,RealTimeInference,RegionA,RegionC,2349,2349,2353.15,0.0,7.0,249.0,0.08,15.0,20.0,2354.0,True
19001,RealTimeInference,RegionC,RegionC,2358,2358,2364.15,0.0,2.0,369.0,0.08,5.0,20.0,2365.0,False
43110,RealTimeInference,RegionA,RegionA,2301,2301,2302.15,0.0,7.0,69.0,0.08,5.0,20.0,2303.0,False
17192,RealTimeInference,RegionA,RegionA,2347,2347,2348.15,0.0,1.0,69.0,0.08,5.0,20.0,2349.0,False
43695,RealTimeInference,RegionB,RegionB,2371,2371,2376.133333333333,0.0,6.0,308.0,0.08,5.0,20.0,2377.0,False
41591,RealTimeInference,RegionC,RegionC,2321,2321,2325.133333333333,0.0,1.0,248.0,0.08,5.0,20.0,2326.0,False
30091,RealTimeInference,RegionB,RegionB,2316,2316,2318.133333333333,0.0,5.0,128.0,0.08,5.0,20.0,2319.0,False
41424,RealTimeInference,RegionA,RegionA,2328,2328,2330.133333333333,0.0,3.0,128.0,0.08,5.0,20.0,2331.0,False
6553,RealTimeInference,RegionA,RegionA,2331,2331,2334.133333333333,0.0,2.0,188.0,0.08,5.0,20.0,2335.0,False
39959,RealTimeInference,RegionC,RegionC,2318,2318,2319.133333333333,0.0,4.0,68.0,0.08,5.0,20.0,2320.0,False
5945,RealTimeInference,RegionB,RegionB,2329,2329,2331.133333333333,0.0,2.0,128.0,0.08,5.0,20.0,2332.0,False
20536,RealTimeInference,RegionC,RegionC,2341,2341,2343.133333333333,0.0,2.0,128.0,0.08,5.0,20.0,2344.0,False
27237,RealTimeInference,RegionB,RegionB,2309,2309,2310.133333333333,0.0,1.0,68.0,0.08,5.0,20.0,2311.0,False
3657,RealTimeInference,RegionB,RegionB,2373,2373,2375.116666666667,0.0,7.0,127.0,0.08,5.0,20.0,2376.0,False
41316,RealTimeInference,RegionC,RegionC,2322,2322,2324.116666666667,0.0,3.0,127.0,0.08,5.0,20.0,2325.0,False
47992,RealTimeInference,RegionB,RegionB,2374,2374,2375.116666666667,0.0,3.0,67.0,0.08,5.0,20.0,2376.0,False
25164,RealTimeInference,RegionB,RegionB,2338,2338,2341.116666666667,0.0,1.0,187.0,0.08,5.0,20.0,2342.0,False
42222,RealTimeInference,RegionC,RegionC,2313,2313,2319.116666666667,0.0,3.0,367.0,0.08,5.0,20.0,2320.0,False
40796,RealTimeInference,RegionB,RegionB,2359,2359,2363.116666666667,0.0,2.0,247.0,0.08,5.0,20.0,2364.0,False
25068,RealTimeInference,RegionC,RegionC,2312,2312,2315.1,0.0,5.0,186.0,0.08,5.0,20.0,2316.0,False
32787,RealTimeInference,RegionB,RegionB,2351,2351,2353.1,0.0,7.0,126.0,0.08,5.0,20.0,2354.0,False
41263,RealTimeInference,RegionC,RegionC,2352,2352,2355.1,0.0,4.0,186.0,0.08,5.0,20.0,2356.0,False
26569,RealTimeInference,RegionB,RegionB,2384,2384,2385.1,0.0,5.0,66.0,0.08,5.0,20.0,2386.0,False
15430,RealTimeInference,RegionB,RegionB,2329,2329,2331.1,0.0,1.0,126.0,0.08,5.0,20.0,2332.0,False
21242,RealTimeInference,RegionB,RegionB,2390,2390,2391.1,0.0,1.0,66.0,0.08,5.0,20.0,2392.0,False
14248,RealTimeInference,RegionA,RegionC,2350,2350,2355.1,0.0,6.0,306.0,0.08,15.0,20.0,2356.0,True
45529,RealTimeInference,RegionA,RegionC,2393,2393,2399.1,0.0,4.0,366.0,0.08,15.0,20.0,2400.0,True
20152,RealTimeInference,RegionA,RegionA,2357,2357,2361.1,0.0,5.0,246.0,0.08,5.0,20.0,2362.0,False
37903,RealTimeInference,RegionB,RegionB,2307,2307,2313.1,0.0,2.0,366.0,0.08,5.0,20.0,2314.0,False
29527,RealTimeInference,RegionB,RegionB,2346,2346,2350.1,0.0,1.0,246.0,0.08,5.0,20.0,2351.0,False
13381,RealTimeInference,RegionA,RegionA,2398,2398,2400.0833333333335,0.0,6.0,125.0,0.08,5.0,20.0,2401.0,False
32107,RealTimeInference,RegionC,RegionC,2384,2384,2387.0833333333335,0.0,3.0,185.0,0.08,5.0,20.0,2388.0,False
8171,RealTimeInference,RegionC,RegionC,2329,2329,2332.0833333333335,0.0,2.0,185.0,0.08,5.0,20.0,2333.0,False
25972,RealTimeInference,RegionB,RegionB,2306,2306,2307.0833333333335,0.0,7.0,65.0,0.08,5.0,20.0,2308.0,False
13200,RealTimeInference,RegionB,RegionB,2306,2306,2307.0833333333335,0.0,3.0,65.0,0.08,5.0,20.0,2308.0,False
17932,RealTimeInference,RegionC,RegionC,2324,2324,2325.0833333333335,0.0,2.0,65.0,0.08,5.0,20.0,2326.0,False
6400,RealTimeInference,RegionC,RegionC,2309,2309,2313.0833333333335,0.0,4.0,245.0,0.08,5.0,20.0,2314.0,False
20666,RealTimeInference,RegionC,RegionC,2366,2366,2370.0833333333335,0.0,4.0,245.0,0.08,5.0,20.0,2371.0,False
40594,RealTimeInference,RegionC,RegionC,2386,2386,2392.0833333333335,0.0,2.0,365.0,0.08,5.0,20.0,2393.0,False
45363,RealTimeInference,RegionC,RegionC,2391,2391,2396.0833333333335,0.0,2.0,305.0,0.08,5.0,20.0,2397.0,False
21968,RealTimeInference,RegionA,RegionA,2307,2307,2309.0666666666666,0.0,3.0,124.0,0.08,5.0,20.0,2310.0,False
48405,RealTimeInference,RegionB,RegionB,2310,2310,2312.0666666666666,0.0,3.0,124.0,0.08,5.0,20.0,2313.0,False
41247,RealTimeInference,RegionA,RegionA,2395,2395,2397.0666666666666,0.0,3.0,124.0,0.08,5.0,20.0,2398.0,False
37949,RealTimeInference,RegionB,RegionB,2368,2368,2369.0666666666666,0.0,1.0,64.0,0.08,5.0,20.0,2370.0,False
47997,RealTimeInference,RegionA,RegionC,2384,2384,2388.0666666666666,0.0,6.0,244.0,0.08,15.0,20.0,2389.0,True
40365,RealTimeInference,RegionC,RegionC,2341,2341,2345.0666666666666,0.0,5.0,244.0,0.08,5.0,20.0,2346.0,False
29763,RealTimeInference,RegionB,RegionB,2355,2355,2361.0666666666666,0.0,3.0,364.0,0.08,5.0,20.0,2362.0,False
34439,RealTimeInference,RegionA,RegionA,2394,2394,2399.0666666666666,0.0,2.0,304.0,0.08,5.0,20.0,2400.0,False
22753,RealTimeInference,RegionC,RegionC,2300,2300,2305.0666666666666,0.0,1.0,304.0,0.08,5.0,20.0,2306.0,False
14181,RealTimeInference,RegionA,RegionC,2337,2337,2342.05,0.0,6.0,303.0,0.08,15.0,20.0,2343.0,True
1060,RealTimeInference,RegionC,RegionC,2362,2362,2367.05,0.0,4.0,303.0,0.08,5.0,20.0,2368.0,False
19823,RealTimeInference,RegionA,RegionA,2321,2321,2324.05,0.0,6.0,183.0,0.08,5.0,20.0,2325.0,False
32461,RealTimeInference,RegionC,RegionC,2360,2360,2365.05,0.0,3.0,303.0,0.08,5.0,20.0,2366.0,False
31600,RealTimeInference,RegionB,RegionB,2376,2376,2381.05,0.0,3.0,303.0,0.08,5.0,20.0,2382.0,False
28952,RealTimeInference,RegionC,RegionC,2387,2387,2389.05,0.0,7.0,123.0,0.08,5.0,20.0,2390.0,False
8278,RealTimeInference,RegionA,RegionA,2301,2301,2303.05,0.0,6.0,123.0,0.08,5.0,20.0,2304.0,False
7413,RealTimeInference,RegionA,RegionA,2331,2331,2333.05,0.0,6.0,123.0,0.08,5.0,20.0,2334.0,False
34936,RealTimeInference,RegionA,RegionA,2352,2352,2356.05,0.0,2.0,243.0,0.08,5.0,20.0,2357.0,False
8687,RealTimeInference,RegionB,RegionB,2363,2363,2367.05,0.0,2.0,243.0,0.08,5.0,20.0,2368.0,False
48190,RealTimeInference,RegionC,RegionC,2368,2368,2369.0333333333333,0.0,6.0,62.0,0.08,5.0,20.0,2370.0,False
28612,RealTimeInference,RegionA,RegionC,2301,2301,2306.0333333333333,0.0,7.0,302.0,0.08,15.0,20.0,2307.0,True
15257,RealTimeInference,RegionA,RegionA,2333,2333,2339.0333333333333,0.0,3.0,362.0,0.08,5.0,20.0,2340.0,False
9585,RealTimeInference,RegionB,RegionB,2381,2381,2383.0333333333333,0.0,7.0,122.0,0.08,5.0,20.0,2384.0,False
48810,RealTimeInference,RegionA,RegionA,2357,2357,2361.0333333333333,0.0,3.0,242.0,0.08,5.0,20.0,2362.0,False
43047,RealTimeInference,RegionB,RegionB,2383,2383,2385.0333333333333,0.0,5.0,122.0,0.08,5.0,20.0,2386.0,False
45871,RealTimeInference,RegionA,RegionA,2304,2304,2309.0333333333333,0.0,1.0,302.0,0.08,5.0,20.0,2310.0,False
15221,RealTimeInference,RegionB,RegionB,2357,2357,2359.0333333333333,0.0,2.0,122.0,0.08,5.0,20.0,2360.0,False
34654,RealTimeInference,RegionA,RegionA,2367,2367,2370.0333333333333,0.0,1.0,182.0,0.08,5.0,20.0,2371.0,False
26930,RealTimeInference,RegionB,RegionB,2364,2364,2366.0333333333333,0.0,1.0,122.0,0.08,5.0,20.0,2367.0,False
42484,RealTimeInference,RegionC,RegionC,2341,2341,2347.016666666667,0.0,5.0,361.0,0.08,5.0,20.0,2348.0,False
7154,RealTimeInference,RegionC,RegionC,2314,2314,2320.016666666667,0.0,3.0,361.0,0.08,5.0,20.0,2321.0,False
6750,RealTimeInference,RegionA,RegionA,2356,2356,2358.016666666667,0.0,6.0,121.0,0.08,5.0,20.0,2359.0,False
38417,RealTimeInference,RegionC,RegionC,2366,2366,2370.016666666667,0.0,2.0,241.0,0.08,5.0,20.0,2371.0,False
29239,RealTimeInference,RegionB,RegionB,2386,2386,2390.016666666667,0.0,2.0,241.0,0.08,5.0,20.0,2391.0,False
33558,RealTimeInference,RegionA,RegionA,2321,2321,2323.016666666667,0.0,3.0,121.0,0.08,5.0,20.0,2324.0,False
36629,RealTimeInference,RegionA,RegionA,2329,2329,2330.016666666667,0.0,5.0,61.0,0.08,5.0,20.0,2331.0,False
12367,RealTimeInference,RegionB,RegionB,2355,2355,2356.016666666667,0.0,3.0,61.0,0.08,5.0,20.0,2357.0,False
40505,BatchInference,RegionA,RegionE,2396,2396,2402.3333333333335,0.0,6.0,380.0,0.1,78.0,80.0,2406.0,True
37081,BatchInference,RegionA,RegionE,2397,2397,2401.45,0.0,17.0,267.0,0.1,78.0,80.0,2406.0,True
29787,BatchInference,RegionA,RegionE,2397,2397,2401.1666666666665,0.0,7.0,250.0,0.1,78.0,80.0,2406.0,True
42958,BatchInference,RegionA,RegionE,2395,2395,2401.016666666667,0.0,19.0,361.0,0.1,78.0,80.0,2406.0,True
37834,BatchInference,RegionF,RegionE,2394,2394,2400.65,0.0,17.0,399.0,0.1,18.0,80.0,2406.0,True
20799,BatchInference,RegionF,RegionE,2397,2397,2400.4,0.0,14.0,204.0,0.1,18.0,80.0,2406.0,True
17421,BatchInference,RegionF,RegionE,2398,2398,2400.35,0.0,15.0,141.0,0.1,18.0,80.0,2406.0,True
3928,BatchInference,RegionF,RegionF,2397,2397,2400.0333333333333,0.0,4.0,182.0,0.1,5.0,80.0,2406.0,False
701,BatchInference,RegionF,RegionE,2397,2397,2398.75,0.0,21.0,105.0,0.1,18.0,80.0,2406.0,True
11780,BatchInference,RegionF,RegionF,2398,2398,2398.5833333333335,0.0,21.0,35.0,0.1,5.0,80.0,2406.0,False
10284,BatchInference,RegionF,RegionE,2396,2396,2398.2833333333333,0.0,14.0,137.0,0.1,18.0,80.0,2406.0,True
46028,BatchInference,RegionA,RegionE,2397,2397,2398.116666666667,0.0,22.0,67.0,0.1,78.0,80.0,2406.0,True
18367,BatchInference,RegionA,RegionE,2391,2391,2396.766666666667,0.0,19.0,346.0,0.1,78.0,80.0,2406.0,True
18826,BatchInference,RegionA,RegionE,2392,2392,2396.5333333333333,0.0,17.0,272.0,0.1,78.0,80.0,2406.0,True
39397,BatchInference,RegionA,RegionE,2390,2390,2396.4666666666667,0.0,7.0,388.0,0.1,78.0,80.0,2406.0,True
30199,BatchInference,RegionF,RegionE,2390,2390,2396.233333333333,0.0,15.0,374.0,0.1,18.0,80.0,2406.0,True
16345,BatchInference,RegionF,RegionE,2393,2393,2396.233333333333,0.0,9.0,194.0,0.1,18.0,80.0,2406.0,True
4113,BatchInference,RegionA,RegionE,2391,2391,2395.2,0.0,15.0,252.0,0.1,78.0,80.0,2406.0,True
27301,BatchInference,RegionA,RegionE,2392,2392,2395.2,0.0,5.0,192.0,0.1,78.0,80.0,2406.0,True
39468,BatchInference,RegionA,RegionE,2394,2394,2395.116666666667,0.0,16.0,67.0,0.1,78.0,80.0,2406.0,True
24572,BatchInference,RegionA,RegionE,2390,2390,2395.05,0.0,9.0,303.0,0.1,78.0,80.0,2406.0,True
4611,BatchInference,RegionA,RegionE,2393,2393,2395.05,0.0,15.0,123.0,0.1,78.0,80.0,2406.0,True
42663,BatchInference,RegionA,RegionE,2388,2388,2394.233333333333,0.0,7.0,374.0,0.1,78.0,80.0,2406.0,True
48651,BatchInference,RegionF,RegionF,2393,2393,2394.233333333333,0.0,14.0,74.0,0.1,5.0,80.0,2406.0,False
16274,BatchInference,RegionA,RegionE,2388,2388,2394.05,0.0,21.0,363.0,0.1,78.0,80.0,2406.0,True
315,BatchInference,RegionA,RegionE,2392,2392,2393.45,0.0,17.0,87.0,0.1,78.0,80.0,2406.0,True
45156,BatchInference,RegionA,RegionE,2388,2388,2393.0333333333333,0.0,9.0,302.0,0.1,78.0,80.0,2406.0,True
31688,BatchInference,RegionF,RegionE,2391,2391,2392.9666666666667,0.0,21.0,118.0,0.1,18.0,80.0,2406.0,True
28488,BatchInference,RegionA,RegionE,2392,2392,2392.65,0.0,14.0,39.0,0.1,78.0,80.0,2406.0,True
583,BatchInference,RegionA,RegionE,2388,2388,2391.9166666666665,0.0,12.0,235.0,0.1,78.0,80.0,2406.0,True
16109,BatchInference,RegionF,RegionF,2389,2389,2391.9166666666665,0.0,7.0,175.0,0.1,5.0,80.0,2406.0,False
39318,BatchInference,RegionA,RegionE,2389,2389,2391.75,0.0,21.0,165.0,0.1,78.0,80.0,2406.0,True
26788,BatchInference,RegionF,RegionE,2386,2386,2391.2833333333333,0.0,12.0,317.0,0.1,18.0,80.0,2406.0,True
23667,BatchInference,RegionA,RegionE,2386,2386,2391.2166666666667,0.0,15.0,313.0,0.1,78.0,80.0,2406.0,True
42007,BatchInference,RegionA,RegionE,2388,2388,2390.733333333333,0.0,21.0,164.0,0.1,78.0,80.0,2406.0,True
6323,BatchInference,RegionA,RegionE,2388,2388,2390.366666666667,0.0,5.0,142.0,0.1,78.0,80.0,2406.0,True
43463,BatchInference,RegionA,RegionE,2388,2388,2389.3333333333335,0.0,10.0,80.0,0.1,78.0,80.0,2406.0,True
2374,BatchInference,RegionA,RegionE,2387,2387,2387.65,0.0,7.0,39.0,0.1,78.0,80.0,2406.0,True
40446,BatchInference,RegionA,RegionE,2387,2387,2387.5333333333333,0.0,9.0,32.0,0.1,78.0,80.0,2406.0,True
16116,BatchInference,RegionA,RegionE,2382,2382,2387.3333333333335,0.0,7.0,320.0,0.1,78.0,80.0,2406.0,True
14772,BatchInference,RegionA,RegionE,2382,2382,2387.116666666667,0.0,12.0,307.0,0.1,78.0,80.0,2406.0,True
4060,BatchInference,RegionA,RegionE,2383,2383,2385.8,0.0,8.0,168.0,0.1,78.0,80.0,2406.0,True
18905,BatchInference,RegionA,RegionE,2381,2381,2385.1833333333334,0.0,12.0,251.0,0.1,78.0,80.0,2406.0,True
34149,BatchInference,RegionA,RegionE,2383,2383,2384.6666666666665,0.0,13.0,100.0,0.1,78.0,80.0,2406.0,True
34989,BatchInference,RegionA,RegionE,2381,2381,2384.366666666667,0.0,13.0,202.0,0.1,78.0,80.0,2406.0,True
11216,BatchInference,RegionA,RegionE,2379,2379,2384.116666666667,0.0,20.0,307.0,0.1,78.0,80.0,2406.0,True
12791,BatchInference,RegionA,RegionE,2383,2383,2383.866666666667,0.0,4.0,52.0,0.1,78.0,80.0,2406.0,True
33741,BatchInference,RegionF,RegionE,2379,2379,2383.3,0.0,9.0,258.0,0.1,18.0,80.0,2406.0,True
35507,BatchInference,RegionA,RegionE,2381,2381,2382.8,0.0,18.0,108.0,0.1,78.0,80.0,2406.0,True
24774,BatchInference,RegionF,RegionE,2380,2380,2381.733333333333,0.0,16.0,104.0,0.1,18.0,80.0,2406.0,True
29779,BatchInference,RegionF,RegionE,2376,2376,2381.6,0.0,17.0,336.0,0.1,18.0,80.0,2406.0,True
14405,BatchInference,RegionA,RegionE,2379,2379,2381.5833333333335,0.0,18.0,155.0,0.1,78.0,80.0,2406.0,True
22926,BatchInference,RegionA,RegionE,2377,2377,2380.4666666666667,0.0,19.0,208.0,0.1,78.0,80.0,2406.0,True
35506,BatchInference,RegionA,RegionE,2375,2375,2380.0333333333333,0.0,11.0,302.0,0.1,78.0,80.0,2406.0,True
19684,BatchInference,RegionF,RegionF,2378,2378,2380.016666666667,0.0,9.0,121.0,0.1,5.0,80.0,2406.0,False
26783,BatchInference,RegionA,RegionE,2377,2377,2379.3,0.0,16.0,138.0,0.1,78.0,80.0,2406.0,True
28324,BatchInference,RegionA,RegionE,2375,2375,2378.9333333333334,0.0,20.0,236.0,0.1,78.0,80.0,2406.0,True
38628,BatchInference,RegionF,RegionE,2373,2373,2378.8,0.0,9.0,348.0,0.1,18.0,80.0,2406.0,True
4971,BatchInference,RegionF,RegionE,2375,2375,2378.366666666667,0.0,7.0,202.0,0.1,18.0,80.0,2406.0,True
37934,BatchInference,RegionA,RegionE,2371,2371,2377.233333333333,0.0,12.0,374.0,0.1,78.0,80.0,2406.0,True
14647,BatchInference,RegionA,RegionE,2376,2376,2377.233333333333,0.0,11.0,74.0,0.1,78.0,80.0,2406.0,True
38190,BatchInference,RegionA,RegionE,2373,2373,2377.2,0.0,18.0,252.0,0.1,78.0,80.0,2406.0,True
10640,BatchInference,RegionA,RegionE,2375,2375,2376.116666666667,0.0,6.0,67.0,0.1,78.0,80.0,2406.0,True
36542,BatchInference,RegionF,RegionE,2374,2374,2375.9333333333334,0.0,14.0,116.0,0.1,18.0,80.0,2406.0,True
22020,BatchInference,RegionA,RegionE,2375,2375,2375.6666666666665,0.0,7.0,40.0,0.1,78.0,80.0,2406.0,True
29275,BatchInference,RegionA,RegionE,2374,2374,2375.5,0.0,8.0,90.0,0.1,78.0,80.0,2406.0,True
3844,BatchInference,RegionA,RegionE,2370,2370,2374.9333333333334,0.0,10.0,296.0,0.1,78.0,80.0,2406.0,True
15433,BatchInference,RegionF,RegionE,2372,2372,2374.133333333333,0.0,17.0,128.0,0.1,18.0,80.0,2406.0,True
23331,BatchInference,RegionF,RegionE,2371,2371,2374.1,0.0,23.0,186.0,0.1,18.0,80.0,2406.0,True
33321,BatchInference,RegionF,RegionE,2368,2368,2372.8166666666666,0.0,13.0,289.0,0.1,18.0,80.0,2406.0,True
22683,BatchInference,RegionA,RegionE,2371,2371,2371.516666666667,0.0,20.0,31.0,0.1,78.0,80.0,2406.0,True
15303,BatchInference,RegionA,RegionE,2369,2369,2370.983333333333,0.0,19.0,119.0,0.1,78.0,80.0,2406.0,True
25896,BatchInference,RegionF,RegionF,2367,2367,2370.4666666666667,0.0,4.0,208.0,0.1,5.0,80.0,2406.0,False
15297,BatchInference,RegionA,RegionE,2366,2366,2369.266666666667,0.0,14.0,196.0,0.1,78.0,80.0,2406.0,True
37920,BatchInference,RegionA,RegionE,2364,2364,2369.116666666667,0.0,6.0,307.0,0.1,78.0,80.0,2406.0,True
48278,BatchInference,RegionA,RegionE,2364,2364,2369.05,0.0,7.0,303.0,0.1,78.0,80.0,2406.0,True
41672,BatchInference,RegionA,RegionE,2367,2367,2367.45,0.0,9.0,27.0,0.1,78.0,80.0,2406.0,True
34856,BatchInference,RegionF,RegionE,2361,2361,2367.4,0.0,11.0,384.0,0.1,18.0,80.0,2406.0,True
18498,BatchInference,RegionA,RegionE,2363,2363,2367.0333333333333,0.0,19.0,242.0,0.1,78.0,80.0,2406.0,True
26447,BatchInference,RegionF,RegionF,2364,2364,2366.516666666667,0.0,7.0,151.0,0.1,5.0,80.0,2406.0,False
25011,BatchInference,RegionA,RegionE,2362,2362,2366.366666666667,0.0,5.0,262.0,0.1,78.0,80.0,2406.0,True
20989,BatchInference,RegionF,RegionE,2362,2362,2366.3166666666666,0.0,20.0,259.0,0.1,18.0,80.0,2406.0,True
42046,BatchInference,RegionA,RegionE,2364,2364,2365.983333333333,0.0,13.0,119.0,0.1,78.0,80.0,2406.0,True
1777,BatchInference,RegionA,RegionE,2361,2361,2365.95,0.0,17.0,297.0,0.1,78.0,80.0,2406.0,True
13958,BatchInference,RegionA,RegionE,2360,2360,2365.3333333333335,0.0,6.0,320.0,0.1,78.0,80.0,2406.0,True
8461,BatchInference,RegionA,RegionE,2364,2364,2364.733333333333,0.0,13.0,44.0,0.1,78.0,80.0,2406.0,True
4474,BatchInference,RegionA,RegionE,2360,2360,2364.483333333333,0.0,6.0,269.0,0.1,78.0,80.0,2406.0,True
47340,BatchInference,RegionA,RegionE,2358,2358,2363.8166666666666,0.0,17.0,349.0,0.1,78.0,80.0,2406.0,True
34620,BatchInference,RegionF,RegionE,2357,2357,2363.483333333333,0.0,20.0,389.0,0.1,18.0,80.0,2406.0,True
16089,BatchInference,RegionF,RegionF,2361,2361,2361.9333333333334,0.0,4.0,56.0,0.1,5.0,80.0,2406.0,False
31576,BatchInference,RegionF,RegionF,2360,2360,2361.8333333333335,0.0,9.0,110.0,0.1,5.0,80.0,2406.0,False
37553,BatchInference,RegionA,RegionE,2358,2358,2360.4166666666665,0.0,4.0,145.0,0.1,78.0,80.0,2406.0,True
4256,BatchInference,RegionF,RegionE,2358,2358,2359.7,0.0,14.0,102.0,0.1,18.0,80.0,2406.0,True
44210,BatchInference,RegionF,RegionF,2356,2356,2359.2833333333333,0.0,6.0,197.0,0.1,5.0,80.0,2406.0,False
23470,BatchInference,RegionA,RegionE,2355,2355,2358.5666666666666,0.0,23.0,214.0,0.1,78.0,80.0,2406.0,True
37126,BatchInference,RegionF,RegionE,2356,2356,2358.1,0.0,14.0,126.0,0.1,18.0,80.0,2406.0,True
23326,BatchInference,RegionA,RegionE,2354,2354,2358.016666666667,0.0,4.0,241.0,0.1,78.0,80.0,2406.0,True
22171,BatchInference,RegionA,RegionE,2356,2356,2358.0,0.0,17.0,120.0,0.1,78.0,80.0,2406.0,True
23772,BatchInference,RegionA,RegionE,2353,2353,2357.883333333333,0.0,22.0,293.0,0.1,78.0,80.0,2406.0,True
3862,BatchInference,RegionF,RegionE,2353,2353,2357.483333333333,0.0,22.0,269.0,0.1,18.0,80.0,2406.0,True
26237,BatchInference,RegionF,RegionE,2353,2353,2357.016666666667,0.0,22.0,241.0,0.1,18.0,80.0,2406.0,True
49354,BatchInference,RegionA,RegionE,2355,2355,2356.2833333333333,0.0,19.0,77.0,0.1,78.0,80.0,2406.0,True
14234,BatchInference,RegionA,RegionE,2355,2355,2355.866666666667,0.0,20.0,52.0,0.1,78.0,80.0,2406.0,True
26316,BatchInference,RegionF,RegionE,2351,2351,2355.45,0.0,21.0,267.0,0.1,18.0,80.0,2406.0,True
5366,BatchInference,RegionA,RegionE,2350,2350,2354.9166666666665,0.0,16.0,295.0,0.1,78.0,80.0,2406.0,True
12594,BatchInference,RegionA,RegionE,2352,2352,2354.1,0.0,9.0,126.0,0.1,78.0,80.0,2406.0,True
2747,BatchInference,RegionF,RegionF,2353,2353,2353.8166666666666,0.0,6.0,49.0,0.1,5.0,80.0,2406.0,False
27576,BatchInference,RegionA,RegionE,2347,2347,2353.25,0.0,5.0,375.0,0.1,78.0,80.0,2406.0,True
18621,BatchInference,RegionF,RegionF,2348,2348,2353.233333333333,0.0,4.0,314.0,0.1,5.0,80.0,2406.0,False
21318,BatchInference,RegionA,RegionE,2349,2349,2353.0,0.0,15.0,240.0,0.1,78.0,80.0,2406.0,True
2308,BatchInference,RegionF,RegionE,2347,2347,2352.366666666667,0.0,18.0,322.0,0.1,18.0,80.0,2406.0,True
23849,BatchInference,RegionF,RegionE,2347,2347,2352.3166666666666,0.0,5.0,319.0,0.1,18.0,80.0,2406.0,True
49734,BatchInference,RegionA,RegionE,2349,2349,2351.766666666667,0.0,22.0,166.0,0.1,78.0,80.0,2406.0,True
12010,BatchInference,RegionA,RegionE,2350,2350,2351.7,0.0,12.0,102.0,0.1,78.0,80.0,2406.0,True
2419,BatchInference,RegionF,RegionE,2345,2345,2351.4333333333334,0.0,15.0,386.0,0.1,18.0,80.0,2406.0,True
20865,BatchInference,RegionF,RegionE,2345,2345,2351.133333333333,0.0,5.0,368.0,0.1,18.0,80.0,2406.0,True
786,BatchInference,RegionF,RegionF,2348,2348,2350.5,0.0,7.0,150.0,0.1,5.0,80.0,2406.0,False
23024,BatchInference,RegionA,RegionE,2344,2344,2350.4666666666667,0.0,21.0,388.0,0.1,78.0,80.0,2406.0,True
37086,BatchInference,RegionF,RegionF,2349,2349,2349.4333333333334,0.0,4.0,26.0,0.1,5.0,80.0,2406.0,False
48029,BatchInference,RegionA,RegionE,2345,2345,2349.4,0.0,22.0,264.0,0.1,78.0,80.0,2406.0,True
21770,BatchInference,RegionF,RegionF,2347,2347,2349.2833333333333,0.0,6.0,137.0,0.1,5.0,80.0,2406.0,False
15624,BatchInference,RegionA,RegionE,2343,2343,2348.5666666666666,0.0,8.0,334.0,0.1,78.0,80.0,2406.0,True
29792,BatchInference,RegionF,RegionE,2343,2343,2348.5333333333333,0.0,16.0,332.0,0.1,18.0,80.0,2406.0,True
31767,BatchInference,RegionA,RegionE,2346,2346,2347.9666666666667,0.0,18.0,118.0,0.1,78.0,80.0,2406.0,True
18346,BatchInference,RegionF,RegionE,2344,2344,2347.866666666667,0.0,10.0,232.0,0.1,18.0,80.0,2406.0,True
1645,BatchInference,RegionF,RegionE,2345,2345,2347.7,0.0,13.0,162.0,0.1,18.0,80.0,2406.0,True
34417,BatchInference,RegionF,RegionE,2341,2341,2347.016666666667,0.0,11.0,361.0,0.1,18.0,80.0,2406.0,True
47870,BatchInference,RegionF,RegionF,2346,2346,2346.7833333333333,0.0,8.0,47.0,0.1,5.0,80.0,2406.0,False
14548,BatchInference,RegionF,RegionF,2344,2344,2346.5,0.0,9.0,150.0,0.1,5.0,80.0,2406.0,False
43961,BatchInference,RegionF,RegionF,2345,2345,2346.25,0.0,9.0,75.0,0.1,5.0,80.0,2406.0,False
42039,BatchInference,RegionF,RegionE,2341,2341,2346.0833333333335,0.0,15.0,305.0,0.1,18.0,80.0,2406.0,True
23390,BatchInference,RegionF,RegionE,2344,2344,2346.05,0.0,15.0,123.0,0.1,18.0,80.0,2406.0,True
42394,BatchInference,RegionA,RegionE,2340,2340,2345.733333333333,0.0,11.0,344.0,0.1,78.0,80.0,2406.0,True
2000,BatchInference,RegionA,RegionE,2341,2341,2345.55,0.0,12.0,273.0,0.1,78.0,80.0,2406.0,True
9249,BatchInference,RegionA,RegionE,2342,2342,2345.3,0.0,8.0,198.0,0.1,78.0,80.0,2406.0,True
39573,BatchInference,RegionA,RegionE,2342,2342,2345.233333333333,0.0,12.0,194.0,0.1,78.0,80.0,2406.0,True
27287,BatchInference,RegionA,RegionE,2340,2340,2345.1,0.0,7.0,306.0,0.1,78.0,80.0,2406.0,True
11204,BatchInference,RegionA,RegionE,2339,2339,2345.05,0.0,20.0,363.0,0.1,78.0,80.0,2406.0,True
10547,BatchInference,RegionA,RegionE,2338,2338,2344.35,0.0,23.0,381.0,0.1,78.0,80.0,2406.0,True
27065,BatchInference,RegionA,RegionE,2343,2343,2343.866666666667,0.0,22.0,52.0,0.1,78.0,80.0,2406.0,True
2814,BatchInference,RegionA,RegionE,2341,2341,2343.383333333333,0.0,20.0,143.0,0.1,78.0,80.0,2406.0,True
41816,BatchInference,RegionF,RegionE,2342,2342,2343.2833333333333,0.0,23.0,77.0,0.1,18.0,80.0,2406.0,True
14049,BatchInference,RegionF,RegionF,2343,2343,2343.25,0.0,12.0,15.0,0.1,5.0,80.0,2406.0,False
6678,BatchInference,RegionA,RegionE,2339,2339,2342.883333333333,0.0,13.0,233.0,0.1,78.0,80.0,2406.0,True
3201,BatchInference,RegionA,RegionE,2342,2342,2342.85,0.0,23.0,51.0,0.1,78.0,80.0,2406.0,True
37560,BatchInference,RegionA,RegionE,2337,2337,2342.0333333333333,0.0,4.0,302.0,0.1,78.0,80.0,2406.0,True
12712,BatchInference,RegionA,RegionE,2339,2339,2341.983333333333,0.0,10.0,179.0,0.1,78.0,80.0,2406.0,True
23259,BatchInference,RegionF,RegionE,2338,2338,2341.5,0.0,16.0,210.0,0.1,18.0,80.0,2406.0,True
17539,BatchInference,RegionF,RegionE,2338,2338,2340.3166666666666,0.0,17.0,139.0,0.1,18.0,80.0,2406.0,True
48580,BatchInference,RegionA,RegionE,2335,2335,2339.7833333333333,0.0,5.0,287.0,0.1,78.0,80.0,2406.0,True
45784,BatchInference,RegionF,RegionE,2335,2335,2339.6666666666665,0.0,7.0,280.0,0.1,18.0,80.0,2406.0,True
48461,BatchInference,RegionA,RegionA,2339,2339,2339.633333333333,0.0,4.0,38.0,0.1,5.0,80.0,2406.0,False
13721,BatchInference,RegionF,RegionE,2334,2334,2339.4166666666665,0.0,20.0,325.0,0.1,18.0,80.0,2406.0,True
49426,BatchInference,RegionA,RegionE,2337,2337,2339.4,0.0,13.0,144.0,0.1,78.0,80.0,2406.0,True
39199,BatchInference,RegionA,RegionE,2336,2336,2339.05,0.0,5.0,183.0,0.1,78.0,80.0,2406.0,True
31511,BatchInference,RegionF,RegionE,2335,2335,2338.9333333333334,0.0,21.0,236.0,0.1,18.0,80.0,2406.0,True
15559,BatchInference,RegionA,RegionE,2335,2335,2338.733333333333,0.0,20.0,224.0,0.1,78.0,80.0,2406.0,True
21522,BatchInference,RegionA,RegionE,2331,2331,2336.9,0.0,5.0,354.0,0.1,78.0,80.0,2406.0,True
5005,BatchInference,RegionA,RegionE,2332,2332,2336.4666666666667,0.0,13.0,268.0,0.1,78.0,80.0,2406.0,True
884,BatchInference,RegionF,RegionF,2336,2336,2336.233333333333,0.0,22.0,14.0,0.1,5.0,80.0,2406.0,False
45608,BatchInference,RegionA,RegionE,2335,2335,2336.0666666666666,0.0,19.0,64.0,0.1,78.0,80.0,2406.0,True
9866,BatchInference,RegionA,RegionE,2332,2332,2335.8,0.0,15.0,228.0,0.1,78.0,80.0,2406.0,True
28999,BatchInference,RegionA,RegionE,2332,2332,2335.5,0.0,16.0,210.0,0.1,78.0,80.0,2406.0,True
26369,BatchInference,RegionA,RegionE,2334,2334,2335.016666666667,0.0,12.0,61.0,0.1,78.0,80.0,2406.0,True
11630,BatchInference,RegionA,RegionE,2329,2329,2334.616666666667,0.0,8.0,337.0,0.1,78.0,80.0,2406.0,True
5982,BatchInference,RegionA,RegionE,2327,2327,2333.5,0.0,15.0,390.0,0.1,78.0,80.0,2406.0,True
21416,BatchInference,RegionF,RegionE,2327,2327,2333.0,0.0,19.0,360.0,0.1,18.0,80.0,2406.0,True
43659,BatchInference,RegionF,RegionE,2329,2329,2332.85,0.0,17.0,231.0,0.1,18.0,80.0,2406.0,True
26171,BatchInference,RegionF,RegionE,2329,2329,2332.3,0.0,18.0,198.0,0.1,18.0,80.0,2406.0,True
7137,BatchInference,RegionA,RegionE,2327,2327,2331.4333333333334,0.0,18.0,266.0,0.1,78.0,80.0,2406.0,True
35087,BatchInference,RegionA,RegionE,2331,2331,2331.3333333333335,0.0,10.0,20.0,0.1,78.0,80.0,2406.0,True
36320,BatchInference,RegionA,RegionE,2330,2330,2330.45,0.0,15.0,27.0,0.1,78.0,80.0,2406.0,True
41968,BatchInference,RegionA,RegionE,2327,2327,2330.4166666666665,0.0,21.0,205.0,0.1,78.0,80.0,2406.0,True
33334,BatchInference,RegionF,RegionE,2325,2325,2330.3166666666666,0.0,7.0,319.0,0.1,18.0,80.0,2406.0,True
4998,BatchInference,RegionA,RegionE,2327,2327,2330.0833333333335,0.0,18.0,185.0,0.1,78.0,80.0,2406.0,True
18103,BatchInference,RegionF,RegionE,2325,2325,2329.6,0.0,10.0,276.0,0.1,18.0,80.0,2406.0,True
12482,BatchInference,RegionA,RegionE,2326,2326,2329.016666666667,0.0,16.0,181.0,0.1,78.0,80.0,2406.0,True
27012,BatchInference,RegionA,RegionE,2325,2325,2328.6833333333334,0.0,20.0,221.0,0.1,78.0,80.0,2406.0,True
1954,BatchInference,RegionA,RegionE,2324,2324,2328.6,0.0,22.0,276.0,0.1,78.0,80.0,2406.0,True
22400,BatchInference,RegionA,RegionE,2325,2325,2328.4666666666667,0.0,17.0,208.0,0.1,78.0,80.0,2406.0,True
15376,BatchInference,RegionA,RegionE,2327,2327,2328.366666666667,0.0,7.0,82.0,0.1,78.0,80.0,2406.0,True
46762,BatchInference,RegionF,RegionE,2325,2325,2328.2,0.0,9.0,192.0,0.1,18.0,80.0,2406.0,True
4709,BatchInference,RegionA,RegionE,2327,2327,2328.0333333333333,0.0,10.0,62.0,0.1,78.0,80.0,2406.0,True
47792,BatchInference,RegionA,RegionE,2327,2327,2327.9666666666667,0.0,17.0,58.0,0.1,78.0,80.0,2406.0,True
38563,BatchInference,RegionA,RegionE,2324,2324,2326.4333333333334,0.0,7.0,146.0,0.1,78.0,80.0,2406.0,True
21168,BatchInference,RegionA,RegionE,2326,2326,2326.2166666666667,0.0,19.0,13.0,0.1,78.0,80.0,2406.0,True
11479,BatchInference,RegionA,RegionE,2320,2320,2326.133333333333,0.0,18.0,368.0,0.1,78.0,80.0,2406.0,True
7516,BatchInference,RegionF,RegionF,2321,2321,2325.45,0.0,4.0,267.0,0.1,5.0,80.0,2406.0,False
29976,BatchInference,RegionF,RegionE,2318,2318,2324.483333333333,0.0,21.0,389.0,0.1,18.0,80.0,2406.0,True
29215,BatchInference,RegionF,RegionF,2321,2321,2324.35,0.0,5.0,201.0,0.1,5.0,80.0,2406.0,False
6408,BatchInference,RegionA,RegionE,2321,2321,2323.6833333333334,0.0,15.0,161.0,0.1,78.0,80.0,2406.0,True
8297,BatchInference,RegionA,RegionE,2321,2321,2323.5833333333335,0.0,21.0,155.0,0.1,78.0,80.0,2406.0,True
26709,BatchInference,RegionF,RegionF,2322,2322,2323.3333333333335,0.0,15.0,80.0,0.1,5.0,80.0,2406.0,False
11196,BatchInference,RegionF,RegionF,2322,2322,2322.75,0.0,8.0,45.0,0.1,5.0,80.0,2406.0,False
19717,BatchInference,RegionF,RegionE,2318,2318,2322.4166666666665,0.0,7.0,265.0,0.1,18.0,80.0,2406.0,True
22019,BatchInference,RegionF,RegionF,2319,2319,2322.4,0.0,4.0,204.0,0.1,5.0,80.0,2406.0,False
18444,BatchInference,RegionF,RegionF,2316,2316,2321.016666666667,0.0,4.0,301.0,0.1,5.0,80.0,2406.0,False
49674,BatchInference,RegionF,RegionE,2315,2315,2320.3333333333335,0.0,20.0,320.0,0.1,18.0,80.0,2406.0,True
3587,BatchInference,RegionF,RegionF,2318,2318,2319.366666666667,0.0,16.0,82.0,0.1,5.0,80.0,2406.0,False
49551,BatchInference,RegionA,RegionE,2319,2319,2319.3,0.0,10.0,18.0,0.1,78.0,80.0,2406.0,True
48592,BatchInference,RegionF,RegionE,2316,2316,2319.15,0.0,18.0,189.0,0.1,18.0,80.0,2406.0,True
21850,BatchInference,RegionA,RegionE,2312,2312,2318.633333333333,0.0,11.0,398.0,0.1,78.0,80.0,2406.0,True
6435,BatchInference,RegionA,RegionE,2316,2316,2318.6,0.0,14.0,156.0,0.1,78.0,80.0,2406.0,True
20163,BatchInference,RegionF,RegionF,2317,2317,2318.05,0.0,11.0,63.0,0.1,5.0,80.0,2406.0,False
12226,BatchInference,RegionF,RegionF,2315,2315,2316.616666666667,0.0,12.0,97.0,0.1,5.0,80.0,2406.0,False
1809,BatchInference,RegionF,RegionE,2309,2309,2315.483333333333,0.0,17.0,389.0,0.1,18.0,80.0,2406.0,True
13276,BatchInference,RegionA,RegionE,2311,2311,2314.9166666666665,0.0,14.0,235.0,0.1,78.0,80.0,2406.0,True
49779,BatchInference,RegionF,RegionE,2310,2310,2314.766666666667,0.0,19.0,286.0,0.1,18.0,80.0,2406.0,True
13662,BatchInference,RegionF,RegionF,2314,2314,2314.35,0.0,13.0,21.0,0.1,5.0,80.0,2406.0,False
45582,BatchInference,RegionA,RegionE,2309,2309,2313.9166666666665,0.0,18.0,295.0,0.1,78.0,80.0,2406.0,True
9872,BatchInference,RegionA,RegionE,2309,2309,2312.616666666667,0.0,8.0,217.0,0.1,78.0,80.0,2406.0,True
34771,BatchInference,RegionF,RegionE,2309,2309,2311.8166666666666,0.0,21.0,169.0,0.1,18.0,80.0,2406.0,True
41514,BatchInference,RegionF,RegionE,2306,2306,2311.45,0.0,23.0,327.0,0.1,18.0,80.0,2406.0,True
49210,BatchInference,RegionA,RegionE,2307,2307,2310.2,0.0,14.0,192.0,0.1,78.0,80.0,2406.0,True
44256,BatchInference,RegionF,RegionE,2306,2306,2309.766666666667,0.0,22.0,226.0,0.1,18.0,80.0,2406.0,True
5765,BatchInference,RegionF,RegionE,2305,2305,2309.6666666666665,0.0,18.0,280.0,0.1,18.0,80.0,2406.0,True
14384,BatchInference,RegionF,RegionF,2306,2306,2309.3333333333335,0.0,6.0,200.0,0.1,5.0,80.0,2406.0,False
2373,BatchInference,RegionF,RegionE,2303,2303,2309.116666666667,0.0,17.0,367.0,0.1,18.0,80.0,2406.0,True
6972,BatchInference,RegionA,RegionE,2306,2306,2309.1,0.0,12.0,186.0,0.1,78.0,80.0,2406.0,True
20754,BatchInference,RegionA,RegionE,2305,2305,2308.4666666666667,0.0,14.0,208.0,0.1,78.0,80.0,2406.0,True
15132,BatchInference,RegionF,RegionF,2306,2306,2308.1833333333334,0.0,5.0,131.0,0.1,5.0,80.0,2406.0,False
45208,BatchInference,RegionA,RegionE,2301,2301,2306.9333333333334,0.0,11.0,356.0,0.1,78.0,80.0,2406.0,True
41469,BatchInference,RegionA,RegionE,2300,2300,2306.483333333333,0.0,10.0,389.0,0.1,78.0,80.0,2406.0,True
22925,BatchInference,RegionA,RegionE,2301,2301,2306.05,0.0,21.0,303.0,0.1,78.0,80.0,2406.0,True
49497,BatchInference,RegionF,RegionE,2301,2301,2305.266666666667,0.0,7.0,256.0,0.1,18.0,80.0,2406.0,True
10967,BatchInference,RegionA,RegionE,2300,2300,2305.1,0.0,20.0,306.0,0.1,78.0,80.0,2406.0,True
11058,BatchInference,RegionF,RegionE,2303,2303,2304.2833333333333,0.0,19.0,77.0,0.1,18.0,80.0,2406.0,True
33315,BatchInference,RegionF,RegionE,2302,2302,2304.016666666667,0.0,19.0,121.0,0.1,18.0,80.0,2406.0,True
26952,BatchInference,RegionF,RegionE,2300,2300,2303.483333333333,0.0,19.0,209.0,0.1,18.0,80.0,2406.0,True
11079,BatchInference,RegionA,RegionE,2301,2301,2301.7166666666667,0.0,12.0,43.0,0.1,78.0,80.0,2406.0,True
32882,BatchInference,RegionF,RegionF,2300,2300,2300.85,0.0,15.0,51.0,0.1,5.0,80.0,2406.0,False
15762,BatchInference,RegionA,RegionE,2300,2300,2300.4166666666665,0.0,14.0,25.0,0.1,78.0,80.0,2406.0,True
38894,AITraining,RegionE,RegionE,2399,2399,2405.15,0.0,115.0,369.0,0.16,5.0,150.0,2406.0,False
46942,BatchInference,RegionC,RegionE,2399,2399,2404.7,0.0,11.0,342.0,0.1,70.0,80.0,2406.0,True
44439,BatchInference,RegionE,RegionE,2399,2399,2404.616666666667,0.0,6.0,337.0,0.1,5.0,80.0,2406.0,False
40966,BatchInference,RegionB,RegionE,2399,2399,2404.0833333333335,0.0,20.0,305.0,0.1,74.0,80.0,2406.0,True
9572,AITraining,RegionD,RegionE,2398,2398,2404.0666666666666,0.0,123.0,364.0,0.16,22.0,150.0,2406.0,True
19289,AITraining,RegionE,RegionE,2398,2398,2404.016666666667,0.0,121.0,361.0,0.16,5.0,150.0,2406.0,False
2473,AITraining,RegionC,RegionE,2398,2398,2403.8333333333335,0.0,16.0,350.0,0.16,70.0,150.0,2406.0,True
38165,BatchInference,RegionB,RegionE,2399,2399,2403.75,0.0,10.0,285.0,0.1,74.0,80.0,2406.0,True
47435,AITraining,RegionE,RegionE,2397,2397,2403.516666666667,0.0,28.0,391.0,0.16,5.0,150.0,2406.0,False
43423,AITraining,RegionF,RegionE,2398,2400,2405.5,2.0,122.0,330.0,0.16,18.0,150.0,2406.0,True
15242,BatchInference,RegionE,RegionE,2399,2399,2403.05,0.0,7.0,243.0,0.1,5.0,80.0,2406.0,False
42578,AITraining,RegionC,RegionE,2399,2399,2402.9166666666665,0.0,37.0,235.0,0.16,70.0,150.0,2406.0,True
37758,AITraining,RegionD,RegionE,2398,2398,2402.7833333333333,0.0,25.0,287.0,0.16,22.0,150.0,2406.0,True
38786,AITraining,RegionA,RegionE,2396,2396,2402.633333333333,0.0,95.0,398.0,0.16,78.0,150.0,2406.0,True
3736,BatchInference,RegionD,RegionE,2396,2396,2402.6,0.0,19.0,396.0,0.1,22.0,80.0,2406.0,True
46184,AITraining,RegionF,RegionE,2396,2396,2402.5,0.0,99.0,390.0,0.16,18.0,150.0,2406.0,True
14868,AITraining,RegionF,RegionE,2396,2396,2402.45,0.0,22.0,387.0,0.16,18.0,150.0,2406.0,True
27964,AITraining,RegionD,RegionE,2396,2396,2402.4166666666665,0.0,25.0,385.0,0.16,22.0,150.0,2406.0,True
23421,AITraining,RegionE,RegionE,2398,2398,2402.4,0.0,19.0,264.0,0.16,5.0,150.0,2406.0,False
17938,BatchInference,RegionE,RegionF,2398,2398,2402.266666666667,0.0,23.0,256.0,0.1,18.0,80.0,2406.0,True
14578,AITraining,RegionE,RegionF,2396,2396,2402.25,0.0,31.0,375.0,0.16,18.0,150.0,2406.0,True
4418,BatchInference,RegionD,RegionE,2398,2398,2402.233333333333,0.0,11.0,254.0,0.1,22.0,80.0,2406.0,True
49525,BatchInference,RegionB,RegionF,2399,2399,2402.116666666667,0.0,16.0,187.0,0.1,79.0,80.0,2406.0,True
21730,AITraining,RegionF,RegionE,2397,2401,2405.8166666666666,4.0,49.0,289.0,0.16,18.0,150.0,2406.0,True
6392,BatchInference,RegionD,RegionF,2397,2397,2401.7833333333333,0.0,5.0,287.0,0.1,25.0,80.0,2406.0,True
1455,AITraining,RegionF,RegionE,2399,2402,2404.733333333333,3.0,37.0,164.0,0.16,18.0,150.0,2406.0,True
4353,AITraining,RegionE,RegionF,2398,2398,2401.7,0.0,21.0,222.0,0.16,18.0,150.0,2406.0,True
48579,AITraining,RegionF,RegionE,2399,2403,2405.5,4.0,119.0,150.0,0.16,18.0,150.0,2406.0,True
37062,BatchInference,RegionB,RegionF,2399,2399,2401.4666666666667,0.0,12.0,148.0,0.1,79.0,80.0,2406.0,True
30715,BatchInference,RegionD,RegionF,2396,2396,2401.3166666666666,0.0,14.0,319.0,0.1,25.0,80.0,2406.0,True
43786,BatchInference,RegionB,RegionF,2399,2399,2401.1,0.0,17.0,126.0,0.1,79.0,80.0,2406.0,True
46823,AITraining,RegionD,RegionE,2398,2403,2405.983333333333,5.0,109.0,179.0,0.16,22.0,150.0,2406.0,True
14619,AITraining,RegionF,RegionF,2394,2394,2400.616666666667,0.0,117.0,397.0,0.16,5.0,150.0,2406.0,False
15916,AITraining,RegionE,RegionE,2397,2402,2405.383333333333,5.0,81.0,203.0,0.16,5.0,150.0,2406.0,False
31076,AITraining,RegionE,RegionF,2394,2394,2400.366666666667,0.0,67.0,382.0,0.16,18.0,150.0,2406.0,True
33770,AITraining,RegionD,RegionF,2398,2398,2400.3333333333335,0.0,88.0,140.0,0.16,25.0,150.0,2406.0,True
7857,AITraining,RegionF,RegionE,2399,2404,2405.2833333333333,5.0,115.0,77.0,0.16,18.0,150.0,2406.0,True
49575,AITraining,RegionF,RegionE,2397,2397,2400.2166666666667,0.0,27.0,193.0,0.16,18.0,150.0,2406.0,True
2648,BatchInference,RegionE,RegionF,2397,2397,2400.1833333333334,0.0,19.0,191.0,0.1,18.0,80.0,2406.0,True
14844,AITraining,RegionB,RegionF,2396,2396,2400.15,0.0,51.0,249.0,0.16,79.0,150.0,2406.0,True
20312,BatchInference,RegionD,RegionF,2396,2396,2400.133333333333,0.0,16.0,248.0,0.1,25.0,80.0,2406.0,True
8745,BatchInference,RegionB,RegionF,2398,2398,2400.1,0.0,21.0,126.0,0.1,79.0,80.0,2406.0,True
40831,BatchInference,RegionE,RegionE,2394,2394,2399.9166666666665,0.0,17.0,355.0,0.1,5.0,80.0,2406.0,False
48837,AITraining,RegionD,RegionE,2396,2396,2399.85,0.0,23.0,231.0,0.16,22.0,150.0,2406.0,True
46818,BatchInference,RegionC,RegionE,2397,2397,2399.8333333333335,0.0,16.0,170.0,0.1,70.0,80.0,2406.0,True
43993,BatchInference,RegionE,RegionE,2396,2396,2399.6666666666665,0.0,16.0,220.0,0.1,5.0,80.0,2406.0,False
14327,BatchInference,RegionB,RegionE,2394,2394,2399.55,0.0,21.0,333.0,0.1,74.0,80.0,2406.0,True
48528,AITraining,RegionD,RegionF,2398,2398,2399.516666666667,0.0,36.0,91.0,0.16,25.0,150.0,2406.0,True
45887,BatchInference,RegionD,RegionE,2394,2394,2399.4333333333334,0.0,10.0,326.0,0.1,22.0,80.0,2406.0,True
22136,BatchInference,RegionE,RegionF,2398,2398,2399.3166666666666,0.0,7.0,79.0,0.1,18.0,80.0,2406.0,True
38408,AITraining,RegionD,RegionF,2397,2397,2399.2833333333333,0.0,37.0,137.0,0.16,25.0,150.0,2406.0,True
12431,BatchInference,RegionB,RegionF,2396,2396,2399.2833333333333,0.0,17.0,197.0,0.1,79.0,80.0,2406.0,True
28664,AITraining,RegionF,RegionF,2393,2393,2399.25,0.0,96.0,375.0,0.16,5.0,150.0,2406.0,False
45986,BatchInference,RegionD,RegionF,2395,2395,2399.1833333333334,0.0,20.0,251.0,0.1,25.0,80.0,2406.0,True
7372,AITraining,RegionF,RegionF,2395,2395,2399.1,0.0,104.0,246.0,0.16,5.0,150.0,2406.0,False
24255,BatchInference,RegionE,RegionF,2397,2397,2399.1,0.0,20.0,126.0,0.1,18.0,80.0,2406.0,True
49640,AITraining,RegionE,RegionF,2395,2395,2399.05,0.0,54.0,243.0,0.16,18.0,150.0,2406.0,True
49550,AITraining,RegionA,RegionE,2397,2397,2399.0,0.0,120.0,120.0,0.16,78.0,150.0,2406.0,True
6508,BatchInference,RegionB,RegionE,2394,2394,2398.983333333333,0.0,23.0,299.0,0.1,74.0,80.0,2406.0,True
6438,AITraining,RegionE,RegionF,2394,2401,2405.95,7.0,98.0,297.0,0.16,18.0,150.0,2406.0,True
17673,AITraining,RegionD,RegionF,2392,2392,2398.616666666667,0.0,124.0,397.0,0.16,25.0,150.0,2406.0,True
39669,AITraining,RegionE,RegionF,2394,2400,2404.5333333333333,6.0,77.0,272.0,0.16,18.0,150.0,2406.0,True
11351,BatchInference,RegionD,RegionE,2394,2394,2398.35,0.0,16.0,261.0,0.1,22.0,80.0,2406.0,True
30449,AITraining,RegionB,RegionE,2398,2398,2398.266666666667,0.0,44.0,16.0,0.16,74.0,150.0,2406.0,True
21451,AITraining,RegionD,RegionF,2394,2399,2403.2166666666667,5.0,34.0,253.0,0.16,25.0,150.0,2406.0,True
49609,AITraining,RegionA,RegionF,2397,2399,2400.1666666666665,2.0,38.0,70.0,0.16,82.0,150.0,2406.0,True
22576,AITraining,RegionF,RegionE,2395,2395,2398.0833333333335,0.0,16.0,185.0,0.16,18.0,150.0,2406.0,True
56,AITraining,RegionE,RegionE,2394,2394,2398.0,0.0,19.0,240.0,0.16,5.0,150.0,2406.0,False
23381,BatchInference,RegionD,RegionE,2394,2394,2398.0,0.0,15.0,240.0,0.1,22.0,80.0,2406.0,True
27547,BatchInference,RegionD,RegionE,2397,2397,2397.9666666666667,0.0,17.0,58.0,0.1,22.0,80.0,2406.0,True
5435,AITraining,RegionE,RegionE,2395,2395,2397.95,0.0,116.0,177.0,0.16,5.0,150.0,2406.0,False
15921,AITraining,RegionD,RegionE,2394,2394,2397.9166666666665,0.0,127.0,235.0,0.16,22.0,150.0,2406.0,True
37857,AITraining,RegionD,RegionF,2396,2396,2397.9166666666665,0.0,42.0,115.0,0.16,25.0,150.0,2406.0,True
28753,AITraining,RegionE,RegionF,2396,2396,2397.75,0.0,74.0,105.0,0.16,18.0,150.0,2406.0,True
16494,BatchInference,RegionD,RegionF,2395,2395,2397.6833333333334,0.0,22.0,161.0,0.1,25.0,80.0,2406.0,True
34117,BatchInference,RegionB,RegionF,2397,2397,2397.6666666666665,0.0,19.0,40.0,0.1,79.0,80.0,2406.0,True
4848,BatchInference,RegionB,RegionF,2394,2394,2397.6,0.0,17.0,216.0,0.1,79.0,80.0,2406.0,True
1371,AITraining,RegionC,RegionF,2392,2392,2397.5833333333335,0.0,18.0,335.0,0.16,76.0,150.0,2406.0,True
42018,AITraining,RegionF,RegionF,2394,2399,2402.5666666666666,5.0,64.0,214.0,0.16,5.0,150.0,2406.0,False
41410,AITraining,RegionB,RegionF,2391,2391,2397.5666666666666,0.0,23.0,394.0,0.16,79.0,150.0,2406.0,True
6876,AITraining,RegionD,RegionF,2391,2399,2405.5,8.0,52.0,390.0,0.16,25.0,150.0,2406.0,True
13836,AITraining,RegionD,RegionF,2391,2399,2405.4,8.0,40.0,384.0,0.16,25.0,150.0,2406.0,True
39629,BatchInference,RegionD,RegionD,2397,2397,2397.3166666666666,0.0,5.0,19.0,0.1,5.0,80.0,2406.0,False
47090,AITraining,RegionF,RegionF,2392,2400,2405.2166666666667,8.0,98.0,313.0,0.16,5.0,150.0,2406.0,False
10504,BatchInference,RegionC,RegionC,2396,2396,2397.15,0.0,4.0,69.0,0.1,5.0,80.0,2406.0,False
24995,BatchInference,RegionD,RegionD,2396,2396,2397.05,0.0,10.0,63.0,0.1,5.0,80.0,2406.0,False
46011,AITraining,RegionE,RegionE,2395,2395,2396.9666666666667,0.0,66.0,118.0,0.16,5.0,150.0,2406.0,False
4930,AITraining,RegionE,RegionE,2391,2391,2396.866666666667,0.0,50.0,352.0,0.16,5.0,150.0,2406.0,False
36157,AITraining,RegionD,RegionE,2396,2396,2396.7833333333333,0.0,86.0,47.0,0.16,22.0,150.0,2406.0,True
25631,BatchInference,RegionD,RegionE,2392,2392,2396.7166666666667,0.0,18.0,283.0,0.1,22.0,80.0,2406.0,True
24073,AITraining,RegionB,RegionF,2395,2395,2396.5333333333333,0.0,110.0,92.0,0.16,79.0,150.0,2406.0,True
7874,BatchInference,RegionC,RegionE,2396,2396,2396.45,0.0,21.0,27.0,0.1,70.0,80.0,2406.0,True
13376,AITraining,RegionD,RegionE,2394,2394,2396.383333333333,0.0,53.0,143.0,0.16,22.0,150.0,2406.0,True
38937,AITraining,RegionB,RegionE,2391,2391,2396.266666666667,0.0,31.0,316.0,0.16,74.0,150.0,2406.0,True
37668,BatchInference,RegionD,RegionE,2392,2392,2396.116666666667,0.0,11.0,247.0,0.1,22.0,80.0,2406.0,True
46424,AITraining,RegionD,RegionE,2390,2390,2396.0666666666666,0.0,120.0,364.0,0.16,22.0,150.0,2406.0,True
8294,BatchInference,RegionC,RegionD,2395,2395,2396.0333333333333,0.0,8.0,62.0,0.1,58.0,80.0,2406.0,True
16513,AITraining,RegionE,RegionE,2390,2390,2395.8333333333335,0.0,107.0,350.0,0.16,5.0,150.0,2406.0,False
25763,AITraining,RegionE,RegionF,2391,2391,2395.8333333333335,0.0,114.0,290.0,0.16,18.0,150.0,2406.0,True
3782,AITraining,RegionE,RegionE,2390,2390,2395.766666666667,0.0,89.0,346.0,0.16,5.0,150.0,2406.0,False
19387,AITraining,RegionE,RegionF,2392,2392,2395.766666666667,0.0,104.0,226.0,0.16,18.0,150.0,2406.0,True
41146,AITraining,RegionF,RegionE,2394,2403,2404.7166666666667,9.0,57.0,103.0,0.16,18.0,150.0,2406.0,True
6767,AITraining,RegionF,RegionD,2395,2395,2395.7,0.0,29.0,42.0,0.16,25.0,150.0,2406.0,True
13747,AITraining,RegionF,RegionF,2389,2399,2405.6,10.0,41.0,396.0,0.16,5.0,150.0,2406.0,False
39773,AITraining,RegionE,RegionF,2395,2395,2395.5666666666666,0.0,33.0,34.0,0.16,18.0,150.0,2406.0,True
18847,BatchInference,RegionB,RegionE,2391,2391,2395.516666666667,0.0,8.0,271.0,0.1,74.0,80.0,2406.0,True
43531,BatchInference,RegionC,RegionE,2393,2393,2395.4666666666667,0.0,18.0,148.0,0.1,70.0,80.0,2406.0,True
19682,BatchInference,RegionD,RegionE,2390,2390,2395.233333333333,0.0,11.0,314.0,0.1,22.0,80.0,2406.0,True
32241,AITraining,RegionD,RegionD,2395,2395,2395.233333333333,0.0,112.0,14.0,0.16,5.0,150.0,2406.0,False
47787,BatchInference,RegionB,RegionD,2392,2392,2395.2166666666667,0.0,8.0,193.0,0.1,60.0,80.0,2406.0,True
45731,BatchInference,RegionE,RegionD,2391,2391,2395.2,0.0,14.0,252.0,0.1,22.0,80.0,2406.0,True
2517,AITraining,RegionF,RegionE,2392,2392,2394.733333333333,0.0,30.0,164.0,0.16,18.0,150.0,2406.0,True
16699,AITraining,RegionF,RegionF,2393,2393,2394.7,0.0,127.0,102.0,0.16,5.0,150.0,2406.0,False
8760,AITraining,RegionE,RegionE,2390,2390,2394.5833333333335,0.0,44.0,275.0,0.16,5.0,150.0,2406.0,False
45583,BatchInference,RegionB,RegionE,2389,2389,2394.5333333333333,0.0,13.0,332.0,0.1,74.0,80.0,2406.0,True
36863,AITraining,RegionF,RegionF,2394,2394,2394.516666666667,0.0,101.0,31.0,0.16,5.0,150.0,2406.0,False
36902,BatchInference,RegionE,RegionE,2389,2389,2394.516666666667,0.0,22.0,331.0,0.1,5.0,80.0,2406.0,False
36729,BatchInference,RegionC,RegionE,2388,2388,2394.4166666666665,0.0,9.0,385.0,0.1,70.0,80.0,2406.0,True
30452,AITraining,RegionE,RegionE,2391,2391,2394.3,0.0,55.0,198.0,0.16,5.0,150.0,2406.0,False
2167,AITraining,RegionD,RegionE,2390,2390,2394.15,0.0,57.0,249.0,0.16,22.0,150.0,2406.0,True
24477,BatchInference,RegionD,RegionE,2393,2393,2394.133333333333,0.0,16.0,68.0,0.1,22.0,80.0,2406.0,True
33779,AITraining,RegionE,RegionE,2389,2389,2394.1,0.0,31.0,306.0,0.16,5.0,150.0,2406.0,False
28923,BatchInference,RegionC,RegionE,2392,2392,2393.85,0.0,14.0,111.0,0.1,70.0,80.0,2406.0,True
4851,BatchInference,RegionD,RegionE,2390,2390,2393.8333333333335,0.0,8.0,230.0,0.1,22.0,80.0,2406.0,True
17233,AITraining,RegionD,RegionF,2390,2390,2393.8,0.0,122.0,228.0,0.16,25.0,150.0,2406.0,True
38208,AITraining,RegionF,RegionF,2392,2392,2393.766666666667,0.0,122.0,106.0,0.16,5.0,150.0,2406.0,False
32420,BatchInference,RegionD,RegionE,2388,2388,2393.7166666666667,0.0,19.0,343.0,0.1,22.0,80.0,2406.0,True
17898,AITraining,RegionE,RegionE,2391,2391,2393.65,0.0,78.0,159.0,0.16,5.0,150.0,2406.0,False
41990,AITraining,RegionD,RegionE,2393,2393,2393.4166666666665,0.0,22.0,25.0,0.16,22.0,150.0,2406.0,True
27293,AITraining,RegionF,RegionF,2388,2388,2393.3333333333335,0.0,50.0,320.0,0.16,5.0,150.0,2406.0,False
12184,BatchInference,RegionD,RegionD,2393,2393,2393.25,0.0,5.0,15.0,0.1,5.0,80.0,2406.0,False
3113,BatchInference,RegionD,RegionF,2387,2387,2393.233333333333,0.0,15.0,374.0,0.1,25.0,80.0,2406.0,True
47967,BatchInference,RegionD,RegionF,2390,2390,2393.1833333333334,0.0,20.0,191.0,0.1,25.0,80.0,2406.0,True
21356,AITraining,RegionF,RegionF,2388,2388,2393.133333333333,0.0,125.0,308.0,0.16,5.0,150.0,2406.0,False
41737,AITraining,RegionF,RegionF,2387,2387,2393.0666666666666,0.0,21.0,364.0,0.16,5.0,150.0,2406.0,False
18061,BatchInference,RegionC,RegionE,2388,2388,2393.0666666666666,0.0,9.0,304.0,0.1,70.0,80.0,2406.0,True
1136,BatchInference,RegionB,RegionF,2390,2390,2393.0333333333333,0.0,12.0,182.0,0.1,79.0,80.0,2406.0,True
31011,AITraining,RegionF,RegionF,2391,2391,2393.016666666667,0.0,58.0,121.0,0.16,5.0,150.0,2406.0,False
57,BatchInference,RegionE,RegionF,2390,2390,2393.0,0.0,16.0,180.0,0.1,18.0,80.0,2406.0,True
36680,AITraining,RegionF,RegionF,2387,2400,2405.983333333333,13.0,118.0,359.0,0.16,5.0,150.0,2406.0,False
15675,AITraining,RegionF,RegionF,2390,2399,2401.983333333333,9.0,87.0,179.0,0.16,5.0,150.0,2406.0,False
3566,BatchInference,RegionE,RegionD,2392,2392,2392.9,0.0,9.0,54.0,0.1,22.0,80.0,2406.0,True
23936,AITraining,RegionD,RegionF,2389,2402,2405.8333333333335,13.0,127.0,230.0,0.16,25.0,150.0,2406.0,True
19584,AITraining,RegionE,RegionF,2387,2400,2405.8166666666666,13.0,43.0,349.0,0.16,18.0,150.0,2406.0,True
8915,AITraining,RegionD,RegionF,2392,2393,2393.8166666666666,1.0,97.0,49.0,0.16,25.0,150.0,2406.0,True
10184,BatchInference,RegionD,RegionF,2390,2390,2392.7833333333333,0.0,15.0,167.0,0.1,25.0,80.0,2406.0,True
9850,BatchInference,RegionE,RegionD,2387,2387,2392.733333333333,0.0,13.0,344.0,0.1,22.0,80.0,2406.0,True
1264,AITraining,RegionF,RegionF,2388,2401,2405.7,13.0,113.0,282.0,0.16,5.0,150.0,2406.0,False
32656,AITraining,RegionE,RegionD,2387,2387,2392.633333333333,0.0,76.0,338.0,0.16,22.0,150.0,2406.0,True
9535,AITraining,RegionE,RegionD,2387,2387,2392.633333333333,0.0,58.0,338.0,0.16,22.0,150.0,2406.0,True
33573,BatchInference,RegionB,RegionF,2391,2391,2392.4166666666665,0.0,21.0,85.0,0.1,79.0,80.0,2406.0,True
21837,AITraining,RegionD,RegionD,2388,2388,2392.266666666667,0.0,59.0,256.0,0.16,5.0,150.0,2406.0,False
14749,AITraining,RegionE,RegionD,2389,2389,2392.15,0.0,97.0,189.0,0.16,22.0,150.0,2406.0,True
31953,BatchInference,RegionB,RegionD,2387,2387,2392.15,0.0,19.0,309.0,0.1,60.0,80.0,2406.0,True
20403,BatchInference,RegionD,RegionE,2388,2388,2391.983333333333,0.0,14.0,239.0,0.1,22.0,80.0,2406.0,True
11834,BatchInference,RegionB,RegionE,2386,2386,2391.866666666667,0.0,19.0,352.0,0.1,74.0,80.0,2406.0,True
33589,BatchInference,RegionE,RegionE,2387,2387,2391.7833333333333,0.0,22.0,287.0,0.1,5.0,80.0,2406.0,False
22852,AITraining,RegionF,RegionF,2386,2386,2391.75,0.0,62.0,345.0,0.16,5.0,150.0,2406.0,False
165,BatchInference,RegionB,RegionE,2390,2390,2391.75,0.0,18.0,105.0,0.1,74.0,80.0,2406.0,True
25795,AITraining,RegionE,RegionF,2390,2390,2391.7166666666667,0.0,46.0,103.0,0.16,18.0,150.0,2406.0,True
12397,AITraining,RegionA,RegionF,2391,2391,2391.616666666667,0.0,101.0,37.0,0.16,82.0,150.0,2406.0,True
39597,BatchInference,RegionD,RegionE,2386,2386,2391.5833333333335,0.0,17.0,335.0,0.1,22.0,80.0,2406.0,True
27637,AITraining,RegionD,RegionF,2391,2391,2391.516666666667,0.0,50.0,31.0,0.16,25.0,150.0,2406.0,True
45742,BatchInference,RegionC,RegionE,2385,2385,2391.366666666667,0.0,20.0,382.0,0.1,70.0,80.0,2406.0,True
5727,AITraining,RegionD,RegionF,2389,2389,2391.3166666666666,0.0,82.0,139.0,0.16,25.0,150.0,2406.0,True
34647,AITraining,RegionB,RegionF,2389,2389,2391.3,0.0,59.0,138.0,0.16,79.0,150.0,2406.0,True
29364,AITraining,RegionE,RegionF,2390,2390,2391.2833333333333,0.0,111.0,77.0,0.16,18.0,150.0,2406.0,True
46875,BatchInference,RegionB,RegionE,2385,2385,2391.1666666666665,0.0,18.0,370.0,0.1,74.0,80.0,2406.0,True
30583,AITraining,RegionE,RegionE,2387,2387,2390.9,0.0,121.0,234.0,0.16,5.0,150.0,2406.0,False
26136,AITraining,RegionE,RegionF,2390,2390,2390.866666666667,0.0,120.0,52.0,0.16,18.0,150.0,2406.0,True
1234,BatchInference,RegionB,RegionE,2385,2385,2390.5666666666666,0.0,9.0,334.0,0.1,74.0,80.0,2406.0,True
18869,BatchInference,RegionD,RegionE,2386,2386,2390.4333333333334,0.0,7.0,266.0,0.1,22.0,80.0,2406.0,True
33356,BatchInference,RegionB,RegionE,2387,2387,2390.366666666667,0.0,14.0,202.0,0.1,74.0,80.0,2406.0,True
17991,AITraining,RegionF,RegionE,2388,2388,2390.266666666667,0.0,26.0,136.0,0.16,18.0,150.0,2406.0,True
40539,BatchInference,RegionB,RegionE,2388,2388,2390.2,0.0,10.0,132.0,0.1,74.0,80.0,2406.0,True
38944,AITraining,RegionC,RegionE,2387,2387,2390.1,0.0,91.0,186.0,0.16,70.0,150.0,2406.0,True
34369,BatchInference,RegionD,RegionE,2385,2385,2389.9666666666667,0.0,18.0,298.0,0.1,22.0,80.0,2406.0,True
26590,AITraining,RegionF,RegionE,2385,2385,2389.9166666666665,0.0,27.0,295.0,0.16,18.0,150.0,2406.0,True
205,BatchInference,RegionB,RegionE,2385,2385,2389.9166666666665,0.0,6.0,295.0,0.1,74.0,80.0,2406.0,True
28388,AITraining,RegionF,RegionE,2385,2385,2389.8,0.0,85.0,288.0,0.16,18.0,150.0,2406.0,True
14622,BatchInference,RegionB,RegionE,2386,2386,2389.6666666666665,0.0,23.0,220.0,0.1,74.0,80.0,2406.0,True
17044,BatchInference,RegionC,RegionC,2389,2389,2389.6,0.0,6.0,36.0,0.1,5.0,80.0,2406.0,False
37312,BatchInference,RegionB,RegionE,2383,2383,2389.55,0.0,17.0,393.0,0.1,74.0,80.0,2406.0,True
22175,AITraining,RegionE,RegionE,2383,2383,2389.516666666667,0.0,112.0,391.0,0.16,5.0,150.0,2406.0,False
31709,AITraining,RegionD,RegionE,2387,2387,2389.4666666666667,0.0,44.0,148.0,0.16,22.0,150.0,2406.0,True
35545,AITraining,RegionF,RegionE,2388,2388,2389.383333333333,0.0,31.0,83.0,0.16,18.0,150.0,2406.0,True
46192,AITraining,RegionB,RegionF,2386,2386,2389.3,0.0,113.0,198.0,0.16,79.0,150.0,2406.0,True
47013,AITraining,RegionD,RegionE,2389,2389,2389.1666666666665,0.0,67.0,10.0,0.16,22.0,150.0,2406.0,True
20632,BatchInference,RegionC,RegionE,2386,2386,2389.0666666666666,0.0,14.0,184.0,0.1,70.0,80.0,2406.0,True
27109,AITraining,RegionF,RegionF,2384,2385,2390.0,1.0,99.0,300.0,0.16,5.0,150.0,2406.0,False
44983,AITraining,RegionF,RegionE,2384,2385,2389.983333333333,1.0,80.0,299.0,0.16,18.0,150.0,2406.0,True
43266,AITraining,RegionA,RegionF,2388,2388,2388.983333333333,0.0,103.0,59.0,0.16,82.0,150.0,2406.0,True
15694,AITraining,RegionE,RegionF,2386,2386,2388.866666666667,0.0,63.0,172.0,0.16,18.0,150.0,2406.0,True
23514,AITraining,RegionF,RegionF,2385,2385,2388.85,0.0,76.0,231.0,0.16,5.0,150.0,2406.0,False
17181,AITraining,RegionD,RegionF,2387,2387,2388.7,0.0,82.0,102.0,0.16,25.0,150.0,2406.0,True
43953,BatchInference,RegionE,RegionF,2386,2386,2388.7,0.0,17.0,162.0,0.1,18.0,80.0,2406.0,True
2055,AITraining,RegionD,RegionF,2386,2386,2388.6666666666665,0.0,116.0,160.0,0.16,25.0,150.0,2406.0,True
36369,AITraining,RegionE,RegionF,2387,2387,2388.633333333333,0.0,70.0,98.0,0.16,18.0,150.0,2406.0,True
27713,AITraining,RegionF,RegionF,2387,2387,2388.5333333333333,0.0,87.0,92.0,0.16,5.0,150.0,2406.0,False
10306,AITraining,RegionD,RegionD,2384,2386,2390.5333333333333,2.0,68.0,272.0,0.16,5.0,150.0,2406.0,False
18325,AITraining,RegionF,RegionF,2385,2402,2405.45,17.0,58.0,207.0,0.16,5.0,150.0,2406.0,False
22937,AITraining,RegionF,RegionF,2386,2386,2388.2833333333333,0.0,52.0,137.0,0.16,5.0,150.0,2406.0,False
28123,AITraining,RegionD,RegionE,2385,2385,2388.116666666667,0.0,30.0,187.0,0.16,22.0,150.0,2406.0,True
10275,AITraining,RegionE,RegionE,2386,2386,2388.0833333333335,0.0,38.0,125.0,0.16,5.0,150.0,2406.0,False
49968,AITraining,RegionE,RegionE,2384,2384,2387.866666666667,0.0,120.0,232.0,0.16,5.0,150.0,2406.0,False
33785,BatchInference,RegionD,RegionE,2386,2386,2387.866666666667,0.0,20.0,112.0,0.1,22.0,80.0,2406.0,True
31955,BatchInference,RegionD,RegionF,2385,2385,2387.7833333333333,0.0,16.0,167.0,0.1,25.0,80.0,2406.0,True
37688,BatchInference,RegionD,RegionE,2384,2384,2387.766666666667,0.0,6.0,226.0,0.1,22.0,80.0,2406.0,True
41891,BatchInference,RegionC,RegionF,2385,2385,2387.65,0.0,15.0,159.0,0.1,76.0,80.0,2406.0,True
45771,AITraining,RegionF,RegionF,2383,2383,2387.616666666667,0.0,77.0,277.0,0.16,5.0,150.0,2406.0,False
29306,BatchInference,RegionE,RegionF,2387,2387,2387.6,0.0,20.0,36.0,0.1,18.0,80.0,2406.0,True
33605,BatchInference,RegionB,RegionF,2386,2386,2387.5666666666666,0.0,9.0,94.0,0.1,79.0,80.0,2406.0,True
13587,AITraining,RegionD,RegionD,2381,2382,2388.5333333333333,1.0,23.0,392.0,0.16,5.0,150.0,2406.0,False
49336,BatchInference,RegionB,RegionE,2382,2382,2387.4166666666665,0.0,8.0,325.0,0.1,74.0,80.0,2406.0,True
28165,BatchInference,RegionE,RegionD,2387,2387,2387.4166666666665,0.0,13.0,25.0,0.1,22.0,80.0,2406.0,True
22705,AITraining,RegionE,RegionF,2385,2389,2391.25,4.0,80.0,135.0,0.16,18.0,150.0,2406.0,True
40802,BatchInference,RegionB,RegionF,2383,2383,2387.25,0.0,16.0,255.0,0.1,79.0,80.0,2406.0,True
4599,AITraining,RegionD,RegionE,2385,2389,2391.1666666666665,4.0,34.0,130.0,0.16,22.0,150.0,2406.0,True
29402,BatchInference,RegionC,RegionD,2384,2384,2387.133333333333,0.0,17.0,188.0,0.1,58.0,80.0,2406.0,True
42499,AITraining,RegionB,RegionD,2381,2385,2391.1,4.0,71.0,366.0,0.16,60.0,150.0,2406.0,True
35571,AITraining,RegionF,RegionD,2385,2387,2389.1,2.0,111.0,126.0,0.16,25.0,150.0,2406.0,True
24949,BatchInference,RegionD,RegionE,2386,2386,2387.016666666667,0.0,16.0,61.0,0.1,22.0,80.0,2406.0,True
38738,AITraining,RegionE,RegionE,2381,2381,2386.983333333333,0.0,85.0,359.0,0.16,5.0,150.0,2406.0,False
46280,AITraining,RegionE,RegionE,2381,2381,2386.8,0.0,76.0,348.0,0.16,5.0,150.0,2406.0,False
34834,AITraining,RegionE,RegionE,2383,2383,2386.616666666667,0.0,123.0,217.0,0.16,5.0,150.0,2406.0,False
33478,BatchInference,RegionE,RegionE,2384,2384,2386.6,0.0,6.0,156.0,0.1,5.0,80.0,2406.0,False
5277,AITraining,RegionE,RegionF,2385,2385,2386.4666666666667,0.0,64.0,88.0,0.16,18.0,150.0,2406.0,True
43153,AITraining,RegionF,RegionE,2385,2385,2386.3166666666666,0.0,36.0,79.0,0.16,18.0,150.0,2406.0,True
12755,AITraining,RegionE,RegionE,2383,2383,2386.05,0.0,51.0,183.0,0.16,5.0,150.0,2406.0,False
31480,AITraining,RegionD,RegionF,2381,2382,2387.016666666667,1.0,84.0,301.0,0.16,25.0,150.0,2406.0,True
34201,AITraining,RegionB,RegionF,2384,2384,2385.9333333333334,0.0,78.0,116.0,0.16,79.0,150.0,2406.0,True
11993,BatchInference,RegionC,RegionE,2382,2382,2385.9333333333334,0.0,15.0,236.0,0.1,70.0,80.0,2406.0,True
14419,AITraining,RegionD,RegionF,2379,2380,2386.4333333333334,1.0,104.0,386.0,0.16,25.0,150.0,2406.0,True
37918,BatchInference,RegionD,RegionD,2383,2383,2385.366666666667,0.0,5.0,142.0,0.1,5.0,80.0,2406.0,False
47613,BatchInference,RegionD,RegionE,2380,2380,2385.3333333333335,0.0,22.0,320.0,0.1,22.0,80.0,2406.0,True
28161,BatchInference,RegionB,RegionE,2381,2381,2385.2166666666667,0.0,4.0,253.0,0.1,74.0,80.0,2406.0,True
30900,AITraining,RegionF,RegionE,2383,2383,2385.1833333333334,0.0,36.0,131.0,0.16,18.0,150.0,2406.0,True
1664,BatchInference,RegionE,RegionE,2383,2383,2385.1833333333334,0.0,14.0,131.0,0.1,5.0,80.0,2406.0,False
46582,AITraining,RegionE,RegionE,2384,2384,2385.05,0.0,33.0,63.0,0.16,5.0,150.0,2406.0,False
6052,AITraining,RegionF,RegionE,2380,2380,2384.95,0.0,92.0,297.0,0.16,18.0,150.0,2406.0,True
36934,BatchInference,RegionD,RegionF,2382,2382,2384.866666666667,0.0,6.0,172.0,0.1,25.0,80.0,2406.0,True
31788,AITraining,RegionD,RegionE,2379,2379,2384.8166666666666,0.0,81.0,349.0,0.16,22.0,150.0,2406.0,True
22871,BatchInference,RegionE,RegionE,2381,2381,2384.8166666666666,0.0,7.0,229.0,0.1,5.0,80.0,2406.0,False
39924,BatchInference,RegionC,RegionF,2382,2382,2384.6,0.0,4.0,156.0,0.1,76.0,80.0,2406.0,True
31191,AITraining,RegionD,RegionE,2382,2382,2384.5833333333335,0.0,65.0,155.0,0.16,22.0,150.0,2406.0,True
10622,BatchInference,RegionC,RegionE,2379,2379,2384.5666666666666,0.0,23.0,334.0,0.1,70.0,80.0,2406.0,True
20139,AITraining,RegionD,RegionF,2381,2381,2384.4166666666665,0.0,71.0,205.0,0.16,25.0,150.0,2406.0,True
24641,BatchInference,RegionD,RegionF,2383,2383,2384.4,0.0,12.0,84.0,0.1,25.0,80.0,2406.0,True
47419,AITraining,RegionC,RegionF,2382,2382,2384.25,0.0,67.0,135.0,0.16,76.0,150.0,2406.0,True
11304,AITraining,RegionD,RegionF,2383,2383,2384.1666666666665,0.0,112.0,70.0,0.16,25.0,150.0,2406.0,True
403,BatchInference,RegionD,RegionE,2382,2382,2384.116666666667,0.0,13.0,127.0,0.1,22.0,80.0,2406.0,True
19440,BatchInference,RegionE,RegionE,2382,2382,2384.0666666666666,0.0,23.0,124.0,0.1,5.0,80.0,2406.0,False
17466,BatchInference,RegionE,RegionE,2380,2380,2383.85,0.0,20.0,231.0,0.1,5.0,80.0,2406.0,False
34377,AITraining,RegionF,RegionF,2383,2383,2383.733333333333,0.0,46.0,44.0,0.16,5.0,150.0,2406.0,False
1055,AITraining,RegionF,RegionF,2378,2381,2386.65,3.0,113.0,339.0,0.16,5.0,150.0,2406.0,False
47509,AITraining,RegionF,RegionF,2381,2381,2383.633333333333,0.0,71.0,158.0,0.16,5.0,150.0,2406.0,False
37078,BatchInference,RegionD,RegionE,2379,2379,2383.5833333333335,0.0,14.0,275.0,0.1,22.0,80.0,2406.0,True
32894,AITraining,RegionF,RegionF,2382,2382,2383.5333333333333,0.0,70.0,92.0,0.16,5.0,150.0,2406.0,False
27509,AITraining,RegionF,RegionF,2377,2377,2383.516666666667,0.0,113.0,391.0,0.16,5.0,150.0,2406.0,False
5845,AITraining,RegionD,RegionE,2382,2382,2383.516666666667,0.0,26.0,91.0,0.16,22.0,150.0,2406.0,True
20964,AITraining,RegionB,RegionD,2380,2387,2390.5,7.0,112.0,210.0,0.16,60.0,150.0,2406.0,True
12181,AITraining,RegionC,RegionF,2381,2381,2383.366666666667,0.0,68.0,142.0,0.16,76.0,150.0,2406.0,True
6507,AITraining,RegionC,RegionE,2378,2378,2383.35,0.0,17.0,321.0,0.16,70.0,150.0,2406.0,True
22462,BatchInference,RegionC,RegionF,2381,2381,2383.3,0.0,23.0,138.0,0.1,76.0,80.0,2406.0,True
10704,AITraining,RegionF,RegionF,2382,2382,2383.0833333333335,0.0,110.0,65.0,0.16,5.0,150.0,2406.0,False
35450,BatchInference,RegionC,RegionE,2381,2381,2383.016666666667,0.0,14.0,121.0,0.1,70.0,80.0,2406.0,True
40898,AITraining,RegionA,RegionE,2380,2380,2382.866666666667,0.0,122.0,172.0,0.16,78.0,150.0,2406.0,True
43668,BatchInference,RegionB,RegionE,2380,2380,2382.8333333333335,0.0,19.0,170.0,0.1,74.0,80.0,2406.0,True
37236,BatchInference,RegionE,RegionE,2378,2378,2382.8,0.0,21.0,288.0,0.1,5.0,80.0,2406.0,False
35013,BatchInference,RegionE,RegionE,2377,2377,2382.766666666667,0.0,9.0,346.0,0.1,5.0,80.0,2406.0,False
41348,AITraining,RegionE,RegionE,2377,2377,2382.75,0.0,71.0,345.0,0.16,5.0,150.0,2406.0,False
2763,BatchInference,RegionB,RegionE,2379,2379,2382.75,0.0,15.0,225.0,0.1,74.0,80.0,2406.0,True
20392,AITraining,RegionF,RegionD,2377,2386,2391.5833333333335,9.0,110.0,335.0,0.16,25.0,150.0,2406.0,True
29785,BatchInference,RegionE,RegionE,2377,2377,2382.5333333333333,0.0,17.0,332.0,0.1,5.0,80.0,2406.0,False
18427,BatchInference,RegionB,RegionE,2378,2378,2382.45,0.0,18.0,267.0,0.1,74.0,80.0,2406.0,True
26377,BatchInference,RegionB,RegionE,2376,2376,2382.4333333333334,0.0,17.0,386.0,0.1,74.0,80.0,2406.0,True
25757,BatchInference,RegionE,RegionE,2377,2377,2382.366666666667,0.0,17.0,322.0,0.1,5.0,80.0,2406.0,False
45172,AITraining,RegionE,RegionE,2380,2380,2382.3333333333335,0.0,73.0,140.0,0.16,5.0,150.0,2406.0,False
45404,AITraining,RegionF,RegionF,2380,2380,2382.25,0.0,74.0,135.0,0.16,5.0,150.0,2406.0,False
7403,BatchInference,RegionD,RegionE,2376,2376,2382.233333333333,0.0,10.0,374.0,0.1,22.0,80.0,2406.0,True
33422,BatchInference,RegionB,RegionE,2376,2376,2382.1833333333334,0.0,9.0,371.0,0.1,74.0,80.0,2406.0,True
33418,AITraining,RegionE,RegionF,2378,2378,2381.95,0.0,122.0,237.0,0.16,18.0,150.0,2406.0,True
42169,AITraining,RegionF,RegionF,2376,2376,2381.9333333333334,0.0,58.0,356.0,0.16,5.0,150.0,2406.0,False
29425,AITraining,RegionF,RegionF,2378,2378,2381.883333333333,0.0,98.0,233.0,0.16,5.0,150.0,2406.0,False
1540,AITraining,RegionF,RegionD,2377,2386,2390.866666666667,9.0,98.0,292.0,0.16,25.0,150.0,2406.0,True
18720,AITraining,RegionF,RegionF,2381,2384,2384.866666666667,3.0,120.0,52.0,0.16,5.0,150.0,2406.0,False
11383,BatchInference,RegionC,RegionE,2380,2380,2381.85,0.0,22.0,111.0,0.1,70.0,80.0,2406.0,True
39791,BatchInference,RegionB,RegionE,2377,2377,2381.7833333333333,0.0,4.0,287.0,0.1,74.0,80.0,2406.0,True
4202,AITraining,RegionE,RegionF,2377,2377,2381.6666666666665,0.0,94.0,280.0,0.16,18.0,150.0,2406.0,True
30207,AITraining,RegionD,RegionF,2380,2384,2385.55,4.0,33.0,93.0,0.16,25.0,150.0,2406.0,True
36260,AITraining,RegionF,RegionD,2378,2386,2389.483333333333,8.0,85.0,209.0,0.16,25.0,150.0,2406.0,True
14780,AITraining,RegionD,RegionD,2377,2377,2381.483333333333,0.0,32.0,269.0,0.16,5.0,150.0,2406.0,False
535,AITraining,RegionE,RegionE,2375,2375,2381.3333333333335,0.0,22.0,380.0,0.16,5.0,150.0,2406.0,False
43380,AITraining,RegionD,RegionF,2380,2384,2385.2166666666667,4.0,50.0,73.0,0.16,25.0,150.0,2406.0,True
36438,AITraining,RegionB,RegionF,2380,2380,2381.2166666666667,0.0,30.0,73.0,0.16,79.0,150.0,2406.0,True
41413,AITraining,RegionE,RegionD,2377,2385,2389.2,8.0,54.0,252.0,0.16,22.0,150.0,2406.0,True
9591,AITraining,RegionD,RegionE,2378,2378,2381.1833333333334,0.0,27.0,191.0,0.16,22.0,150.0,2406.0,True
18713,AITraining,RegionF,RegionF,2380,2382,2383.0833333333335,2.0,38.0,65.0,0.16,5.0,150.0,2406.0,False
26584,AITraining,RegionF,RegionF,2380,2384,2385.0666666666666,4.0,125.0,64.0,0.16,5.0,150.0,2406.0,False
21651,BatchInference,RegionE,RegionF,2375,2375,2381.0333333333333,0.0,16.0,362.0,0.1,18.0,80.0,2406.0,True
45584,BatchInference,RegionC,RegionE,2378,2378,2380.6833333333334,0.0,21.0,161.0,0.1,70.0,80.0,2406.0,True
21384,AITraining,RegionC,RegionE,2377,2377,2380.633333333333,0.0,110.0,218.0,0.16,70.0,150.0,2406.0,True
31331,BatchInference,RegionC,RegionD,2379,2379,2380.4166666666665,0.0,5.0,85.0,0.1,58.0,80.0,2406.0,True
8931,BatchInference,RegionD,RegionE,2374,2374,2380.3333333333335,0.0,9.0,380.0,0.1,22.0,80.0,2406.0,True
31539,AITraining,RegionD,RegionE,2379,2379,2380.2833333333333,0.0,103.0,77.0,0.16,22.0,150.0,2406.0,True
43690,AITraining,RegionE,RegionE,2377,2377,2380.133333333333,0.0,102.0,188.0,0.16,5.0,150.0,2406.0,False
7973,AITraining,RegionE,RegionE,2379,2379,2380.116666666667,0.0,70.0,67.0,0.16,5.0,150.0,2406.0,False
11961,AITraining,RegionE,RegionF,2376,2376,2380.1,0.0,111.0,246.0,0.16,18.0,150.0,2406.0,True
44039,BatchInference,RegionE,RegionE,2374,2374,2380.0333333333333,0.0,12.0,362.0,0.1,5.0,80.0,2406.0,False
9845,AITraining,RegionF,RegionE,2379,2379,2379.9166666666665,0.0,102.0,55.0,0.16,18.0,150.0,2406.0,True
37566,AITraining,RegionB,RegionF,2374,2374,2379.75,0.0,24.0,345.0,0.16,79.0,150.0,2406.0,True
17864,AITraining,RegionD,RegionF,2378,2378,2379.7,0.0,120.0,102.0,0.16,25.0,150.0,2406.0,True
46065,AITraining,RegionE,RegionF,2374,2374,2379.6,0.0,78.0,336.0,0.16,18.0,150.0,2406.0,True
45382,AITraining,RegionE,RegionF,2375,2375,2379.5666666666666,0.0,24.0,274.0,0.16,18.0,150.0,2406.0,True
39010,AITraining,RegionD,RegionF,2379,2379,2379.3333333333335,0.0,86.0,20.0,0.16,25.0,150.0,2406.0,True
35335,AITraining,RegionF,RegionF,2376,2376,2379.2166666666667,0.0,34.0,193.0,0.16,5.0,150.0,2406.0,False
23479,AITraining,RegionD,RegionD,2377,2387,2389.1833333333334,10.0,113.0,131.0,0.16,5.0,150.0,2406.0,False
27016,BatchInference,RegionD,RegionF,2378,2378,2379.1833333333334,0.0,23.0,71.0,0.1,25.0,80.0,2406.0,True
47274,AITraining,RegionA,RegionE,2374,2374,2378.9,0.0,35.0,294.0,0.16,78.0,150.0,2406.0,True
31710,AITraining,RegionD,RegionE,2377,2377,2378.9,0.0,64.0,114.0,0.16,22.0,150.0,2406.0,True
6106,AITraining,RegionF,RegionE,2373,2373,2378.7,0.0,36.0,342.0,0.16,18.0,150.0,2406.0,True
8623,BatchInference,RegionD,RegionE,2374,2374,2378.616666666667,0.0,10.0,277.0,0.1,22.0,80.0,2406.0,True
33839,BatchInference,RegionE,RegionE,2378,2378,2378.55,0.0,21.0,33.0,0.1,5.0,80.0,2406.0,False
36594,BatchInference,RegionE,RegionE,2377,2377,2378.516666666667,0.0,12.0,91.0,0.1,5.0,80.0,2406.0,False
46688,AITraining,RegionE,RegionE,2378,2378,2378.4666666666667,0.0,50.0,28.0,0.16,5.0,150.0,2406.0,False
39262,AITraining,RegionE,RegionE,2378,2378,2378.4333333333334,0.0,103.0,26.0,0.16,5.0,150.0,2406.0,False
22087,BatchInference,RegionB,RegionE,2372,2372,2378.3,0.0,12.0,378.0,0.1,74.0,80.0,2406.0,True
16146,AITraining,RegionE,RegionE,2378,2378,2378.3,0.0,60.0,18.0,0.16,5.0,150.0,2406.0,False
27744,AITraining,RegionE,RegionE,2374,2374,2378.15,0.0,87.0,249.0,0.16,5.0,150.0,2406.0,False
35185,AITraining,RegionB,RegionE,2375,2375,2378.0,0.0,95.0,180.0,0.16,74.0,150.0,2406.0,True
23200,AITraining,RegionF,RegionE,2374,2374,2377.6666666666665,0.0,37.0,220.0,0.16,18.0,150.0,2406.0,True
3809,AITraining,RegionF,RegionE,2376,2376,2377.633333333333,0.0,32.0,98.0,0.16,18.0,150.0,2406.0,True
9415,AITraining,RegionD,RegionE,2376,2376,2377.4666666666667,0.0,119.0,88.0,0.16,22.0,150.0,2406.0,True
25277,BatchInference,RegionD,RegionE,2373,2373,2377.4333333333334,0.0,15.0,266.0,0.1,22.0,80.0,2406.0,True
7983,AITraining,RegionC,RegionE,2371,2371,2377.0833333333335,0.0,95.0,365.0,0.16,70.0,150.0,2406.0,True
21631,AITraining,RegionF,RegionE,2371,2371,2377.016666666667,0.0,31.0,361.0,0.16,18.0,150.0,2406.0,True
49133,BatchInference,RegionC,RegionF,2375,2375,2376.9166666666665,0.0,4.0,115.0,0.1,76.0,80.0,2406.0,True
25368,AITraining,RegionD,RegionE,2373,2373,2376.8166666666666,0.0,89.0,229.0,0.16,22.0,150.0,2406.0,True
18201,BatchInference,RegionE,RegionE,2376,2376,2376.6666666666665,0.0,16.0,40.0,0.1,5.0,80.0,2406.0,False
41084,AITraining,RegionD,RegionE,2372,2372,2376.6,0.0,70.0,276.0,0.16,22.0,150.0,2406.0,True
20402,AITraining,RegionD,RegionE,2371,2371,2376.5666666666666,0.0,119.0,334.0,0.16,22.0,150.0,2406.0,True
18108,BatchInference,RegionD,RegionE,2371,2371,2376.5333333333333,0.0,23.0,332.0,0.1,22.0,80.0,2406.0,True
3763,BatchInference,RegionE,RegionE,2373,2373,2376.4666666666667,0.0,17.0,208.0,0.1,5.0,80.0,2406.0,False
31067,BatchInference,RegionB,RegionE,2372,2372,2376.4333333333334,0.0,7.0,266.0,0.1,74.0,80.0,2406.0,True
7902,BatchInference,RegionE,RegionF,2376,2376,2376.4333333333334,0.0,11.0,26.0,0.1,18.0,80.0,2406.0,True
6706,BatchInference,RegionC,RegionF,2375,2375,2376.4166666666665,0.0,4.0,85.0,0.1,76.0,80.0,2406.0,True
6812,AITraining,RegionE,RegionF,2374,2374,2376.4,0.0,87.0,144.0,0.16,18.0,150.0,2406.0,True
9267,BatchInference,RegionE,RegionD,2376,2376,2376.366666666667,0.0,7.0,22.0,0.1,22.0,80.0,2406.0,True
43137,BatchInference,RegionB,RegionF,2372,2372,2376.35,0.0,18.0,261.0,0.1,79.0,80.0,2406.0,True
11826,AITraining,RegionF,RegionF,2373,2373,2376.233333333333,0.0,127.0,194.0,0.16,5.0,150.0,2406.0,False
17234,BatchInference,RegionC,RegionF,2374,2374,2376.0833333333335,0.0,5.0,125.0,0.1,76.0,80.0,2406.0,True
30444,AITraining,RegionD,RegionE,2375,2375,2375.8166666666666,0.0,41.0,49.0,0.16,22.0,150.0,2406.0,True
26856,AITraining,RegionD,RegionE,2371,2371,2375.75,0.0,65.0,285.0,0.16,22.0,150.0,2406.0,True
44232,BatchInference,RegionB,RegionF,2371,2371,2375.65,0.0,4.0,279.0,0.1,79.0,80.0,2406.0,True
16340,AITraining,RegionD,RegionF,2373,2373,2375.633333333333,0.0,74.0,158.0,0.16,25.0,150.0,2406.0,True
21512,AITraining,RegionE,RegionF,2369,2369,2375.5833333333335,0.0,55.0,395.0,0.16,18.0,150.0,2406.0,True
41989,AITraining,RegionD,RegionF,2373,2373,2375.55,0.0,42.0,153.0,0.16,25.0,150.0,2406.0,True
20786,AITraining,RegionF,RegionF,2370,2370,2375.516666666667,0.0,62.0,331.0,0.16,5.0,150.0,2406.0,False
3727,AITraining,RegionD,RegionF,2374,2374,2375.516666666667,0.0,125.0,91.0,0.16,25.0,150.0,2406.0,True
29188,AITraining,RegionF,RegionF,2372,2372,2375.45,0.0,27.0,207.0,0.16,5.0,150.0,2406.0,False
2351,AITraining,RegionE,RegionF,2369,2369,2375.25,0.0,127.0,375.0,0.16,18.0,150.0,2406.0,True
29406,AITraining,RegionB,RegionF,2375,2375,2375.25,0.0,80.0,15.0,0.16,79.0,150.0,2406.0,True
13661,AITraining,RegionE,RegionF,2373,2373,2375.2166666666667,0.0,41.0,133.0,0.16,18.0,150.0,2406.0,True
37264,AITraining,RegionA,RegionF,2375,2375,2375.2166666666667,0.0,84.0,13.0,0.16,82.0,150.0,2406.0,True
4466,AITraining,RegionF,RegionF,2370,2370,2375.133333333333,0.0,36.0,308.0,0.16,5.0,150.0,2406.0,False
21067,AITraining,RegionF,RegionE,2369,2369,2374.9666666666667,0.0,47.0,358.0,0.16,18.0,150.0,2406.0,True
6019,AITraining,RegionE,RegionE,2369,2369,2374.9666666666667,0.0,21.0,358.0,0.16,5.0,150.0,2406.0,False
49733,AITraining,RegionF,RegionE,2369,2369,2374.9166666666665,0.0,79.0,355.0,0.16,18.0,150.0,2406.0,True
27030,AITraining,RegionF,RegionF,2374,2375,2375.9166666666665,1.0,54.0,55.0,0.16,5.0,150.0,2406.0,False
7453,BatchInference,RegionB,RegionD,2374,2374,2374.8333333333335,0.0,10.0,50.0,0.1,60.0,80.0,2406.0,True
16206,BatchInference,RegionD,RegionE,2372,2372,2374.7166666666667,0.0,13.0,163.0,0.1,22.0,80.0,2406.0,True
14304,AITraining,RegionF,RegionD,2369,2369,2374.633333333333,0.0,67.0,338.0,0.16,25.0,150.0,2406.0,True
26754,AITraining,RegionF,RegionD,2369,2386,2391.6,17.0,101.0,336.0,0.16,25.0,150.0,2406.0,True
36461,AITraining,RegionE,RegionE,2370,2370,2374.6,0.0,24.0,276.0,0.16,5.0,150.0,2406.0,False
22133,BatchInference,RegionB,RegionF,2372,2372,2374.4666666666667,0.0,22.0,148.0,0.1,79.0,80.0,2406.0,True
7702,AITraining,RegionD,RegionD,2368,2368,2374.4333333333334,0.0,76.0,386.0,0.16,5.0,150.0,2406.0,False
25398,AITraining,RegionA,RegionF,2374,2375,2375.4166666666665,1.0,108.0,25.0,0.16,82.0,150.0,2406.0,True
11753,BatchInference,RegionE,RegionF,2368,2368,2374.366666666667,0.0,15.0,382.0,0.1,18.0,80.0,2406.0,True
47666,AITraining,RegionF,RegionF,2370,2370,2374.266666666667,0.0,24.0,256.0,0.16,5.0,150.0,2406.0,False
4149,AITraining,RegionE,RegionD,2368,2368,2374.1833333333334,0.0,88.0,371.0,0.16,22.0,150.0,2406.0,True
49895,BatchInference,RegionD,RegionE,2368,2368,2374.1833333333334,0.0,12.0,371.0,0.1,22.0,80.0,2406.0,True
46829,BatchInference,RegionB,RegionE,2372,2372,2373.9166666666665,0.0,16.0,115.0,0.1,74.0,80.0,2406.0,True
43496,AITraining,RegionB,RegionE,2369,2369,2373.8333333333335,0.0,95.0,290.0,0.16,74.0,150.0,2406.0,True
27851,AITraining,RegionA,RegionF,2370,2370,2373.766666666667,0.0,74.0,226.0,0.16,82.0,150.0,2406.0,True
29054,BatchInference,RegionC,RegionE,2372,2372,2373.766666666667,0.0,17.0,106.0,0.1,70.0,80.0,2406.0,True
17183,AITraining,RegionE,RegionE,2368,2368,2373.6833333333334,0.0,46.0,341.0,0.16,5.0,150.0,2406.0,False
42765,BatchInference,RegionD,RegionF,2370,2370,2373.616666666667,0.0,21.0,217.0,0.1,25.0,80.0,2406.0,True
36536,AITraining,RegionA,RegionF,2369,2369,2373.5,0.0,16.0,270.0,0.16,82.0,150.0,2406.0,True
11685,AITraining,RegionE,RegionF,2368,2368,2373.3166666666666,0.0,33.0,319.0,0.16,18.0,150.0,2406.0,True
35404,AITraining,RegionD,RegionF,2372,2372,2373.266666666667,0.0,108.0,76.0,0.16,25.0,150.0,2406.0,True
39834,AITraining,RegionF,RegionE,2367,2367,2373.1833333333334,0.0,17.0,371.0,0.16,18.0,150.0,2406.0,True
40536,AITraining,RegionF,RegionF,2372,2372,2373.1666666666665,0.0,124.0,70.0,0.16,5.0,150.0,2406.0,False
3274,BatchInference,RegionB,RegionE,2371,2371,2373.116666666667,0.0,4.0,127.0,0.1,74.0,80.0,2406.0,True
2537,AITraining,RegionF,RegionE,2371,2371,2372.9333333333334,0.0,35.0,116.0,0.16,18.0,150.0,2406.0,True
45554,BatchInference,RegionE,RegionE,2367,2367,2372.75,0.0,4.0,345.0,0.1,5.0,80.0,2406.0,False
29746,AITraining,RegionF,RegionE,2369,2369,2372.6833333333334,0.0,20.0,221.0,0.16,18.0,150.0,2406.0,True
21228,BatchInference,RegionB,RegionE,2370,2370,2372.5333333333333,0.0,5.0,152.0,0.1,74.0,80.0,2406.0,True
29940,AITraining,RegionD,RegionE,2371,2371,2372.516666666667,0.0,37.0,91.0,0.16,22.0,150.0,2406.0,True
46541,AITraining,RegionD,RegionE,2370,2370,2372.483333333333,0.0,93.0,149.0,0.16,22.0,150.0,2406.0,True
49345,AITraining,RegionF,RegionF,2371,2371,2372.483333333333,0.0,69.0,89.0,0.16,5.0,150.0,2406.0,False
20794,AITraining,RegionD,RegionF,2367,2367,2372.4666666666667,0.0,81.0,328.0,0.16,25.0,150.0,2406.0,True
33909,BatchInference,RegionD,RegionD,2372,2372,2372.25,0.0,10.0,15.0,0.1,5.0,80.0,2406.0,False
16405,AITraining,RegionB,RegionE,2367,2367,2372.1833333333334,0.0,49.0,311.0,0.16,74.0,150.0,2406.0,True
40364,AITraining,RegionE,RegionF,2371,2371,2371.9666666666667,0.0,69.0,58.0,0.16,18.0,150.0,2406.0,True
41576,AITraining,RegionD,RegionF,2368,2368,2371.95,0.0,38.0,237.0,0.16,25.0,150.0,2406.0,True
14887,BatchInference,RegionD,RegionE,2368,2368,2371.95,0.0,4.0,237.0,0.1,22.0,80.0,2406.0,True
10886,BatchInference,RegionD,RegionE,2370,2370,2371.85,0.0,15.0,111.0,0.1,22.0,80.0,2406.0,True
5825,AITraining,RegionC,RegionF,2366,2366,2371.7833333333333,0.0,45.0,347.0,0.16,76.0,150.0,2406.0,True
12522,AITraining,RegionC,RegionF,2371,2371,2371.7,0.0,91.0,42.0,0.16,76.0,150.0,2406.0,True
43185,BatchInference,RegionD,RegionF,2368,2368,2371.65,0.0,22.0,219.0,0.1,25.0,80.0,2406.0,True
35587,AITraining,RegionD,RegionF,2368,2368,2371.5,0.0,73.0,210.0,0.16,25.0,150.0,2406.0,True
23513,BatchInference,RegionD,RegionF,2365,2365,2371.4666666666667,0.0,18.0,388.0,0.1,25.0,80.0,2406.0,True
40154,BatchInference,RegionD,RegionF,2365,2365,2371.366666666667,0.0,20.0,382.0,0.1,25.0,80.0,2406.0,True
17348,AITraining,RegionF,RegionF,2365,2365,2371.35,0.0,84.0,381.0,0.16,5.0,150.0,2406.0,False
1139,BatchInference,RegionE,RegionF,2369,2369,2371.15,0.0,22.0,129.0,0.1,18.0,80.0,2406.0,True
11202,AITraining,RegionF,RegionF,2365,2365,2371.1,0.0,41.0,366.0,0.16,5.0,150.0,2406.0,False
45549,AITraining,RegionB,RegionE,2365,2365,2370.9333333333334,0.0,58.0,356.0,0.16,74.0,150.0,2406.0,True
34315,BatchInference,RegionC,RegionE,2368,2368,2370.9,0.0,10.0,174.0,0.1,70.0,80.0,2406.0,True
18295,AITraining,RegionD,RegionE,2366,2366,2370.8166666666666,0.0,52.0,289.0,0.16,22.0,150.0,2406.0,True
1977,BatchInference,RegionC,RegionE,2367,2367,2370.766666666667,0.0,20.0,226.0,0.1,70.0,80.0,2406.0,True
42014,AITraining,RegionD,RegionE,2367,2367,2370.75,0.0,21.0,225.0,0.16,22.0,150.0,2406.0,True
36291,AITraining,RegionE,RegionE,2367,2367,2370.516666666667,0.0,110.0,211.0,0.16,5.0,150.0,2406.0,False
5229,AITraining,RegionD,RegionE,2368,2368,2370.35,0.0,69.0,141.0,0.16,22.0,150.0,2406.0,True
38666,BatchInference,RegionE,RegionE,2367,2367,2370.3333333333335,0.0,7.0,200.0,0.1,5.0,80.0,2406.0,False
41401,BatchInference,RegionD,RegionE,2366,2366,2370.233333333333,0.0,22.0,254.0,0.1,22.0,80.0,2406.0,True
35065,AITraining,RegionF,RegionE,2366,2366,2370.1833333333334,0.0,77.0,251.0,0.16,18.0,150.0,2406.0,True
30532,AITraining,RegionE,RegionE,2369,2369,2370.15,0.0,71.0,69.0,0.16,5.0,150.0,2406.0,False
47876,AITraining,RegionF,RegionF,2367,2367,2370.116666666667,0.0,69.0,187.0,0.16,5.0,150.0,2406.0,False
7794,AITraining,RegionD,RegionE,2364,2364,2370.0833333333335,0.0,33.0,365.0,0.16,22.0,150.0,2406.0,True
48929,AITraining,RegionD,RegionE,2367,2367,2370.0666666666666,0.0,21.0,184.0,0.16,22.0,150.0,2406.0,True
33249,AITraining,RegionF,RegionF,2367,2367,2370.0,0.0,71.0,180.0,0.16,5.0,150.0,2406.0,False
34102,AITraining,RegionF,RegionF,2369,2369,2369.866666666667,0.0,20.0,52.0,0.16,5.0,150.0,2406.0,False
30877,AITraining,RegionD,RegionE,2369,2370,2370.8166666666666,1.0,111.0,49.0,0.16,22.0,150.0,2406.0,True
3449,AITraining,RegionF,RegionF,2367,2367,2369.3,0.0,35.0,138.0,0.16,5.0,150.0,2406.0,False
21081,AITraining,RegionF,RegionF,2366,2366,2369.2833333333333,0.0,121.0,197.0,0.16,5.0,150.0,2406.0,False
43815,BatchInference,RegionD,RegionD,2367,2367,2369.25,0.0,5.0,135.0,0.1,5.0,80.0,2406.0,False
10910,AITraining,RegionD,RegionF,2367,2367,2369.133333333333,0.0,108.0,128.0,0.16,25.0,150.0,2406.0,True
48925,BatchInference,RegionD,RegionE,2364,2364,2368.7833333333333,0.0,10.0,287.0,0.1,22.0,80.0,2406.0,True
38104,AITraining,RegionB,RegionE,2368,2368,2368.733333333333,0.0,113.0,44.0,0.16,74.0,150.0,2406.0,True
26177,BatchInference,RegionE,RegionE,2364,2364,2368.616666666667,0.0,10.0,277.0,0.1,5.0,80.0,2406.0,False
10085,AITraining,RegionE,RegionE,2362,2362,2368.5666666666666,0.0,119.0,394.0,0.16,5.0,150.0,2406.0,False
17336,AITraining,RegionF,RegionE,2362,2362,2368.483333333333,0.0,29.0,389.0,0.16,18.0,150.0,2406.0,True
37433,BatchInference,RegionE,RegionE,2364,2364,2368.383333333333,0.0,17.0,263.0,0.1,5.0,80.0,2406.0,False
9028,BatchInference,RegionC,RegionE,2365,2365,2368.383333333333,0.0,15.0,203.0,0.1,70.0,80.0,2406.0,True
43719,AITraining,RegionB,RegionE,2363,2363,2368.366666666667,0.0,82.0,322.0,0.16,74.0,150.0,2406.0,True
31395,BatchInference,RegionB,RegionE,2363,2363,2368.0,0.0,9.0,300.0,0.1,74.0,80.0,2406.0,True
1087,BatchInference,RegionE,RegionE,2366,2366,2367.8333333333335,0.0,19.0,110.0,0.1,5.0,80.0,2406.0,False
11326,BatchInference,RegionE,RegionE,2364,2364,2367.5666666666666,0.0,17.0,214.0,0.1,5.0,80.0,2406.0,False
1315,BatchInference,RegionD,RegionE,2365,2365,2367.5666666666666,0.0,19.0,154.0,0.1,22.0,80.0,2406.0,True
43544,AITraining,RegionD,RegionE,2366,2366,2367.5333333333333,0.0,108.0,92.0,0.16,22.0,150.0,2406.0,True
49362,BatchInference,RegionB,RegionE,2365,2365,2367.516666666667,0.0,9.0,151.0,0.1,74.0,80.0,2406.0,True
7779,AITraining,RegionA,RegionE,2364,2364,2367.0833333333335,0.0,49.0,185.0,0.16,78.0,150.0,2406.0,True
31882,BatchInference,RegionC,RegionF,2366,2366,2366.9333333333334,0.0,16.0,56.0,0.1,76.0,80.0,2406.0,True
30177,BatchInference,RegionD,RegionF,2363,2363,2366.8333333333335,0.0,5.0,230.0,0.1,25.0,80.0,2406.0,True
9395,BatchInference,RegionB,RegionE,2362,2362,2366.65,0.0,13.0,279.0,0.1,74.0,80.0,2406.0,True
12427,BatchInference,RegionD,RegionE,2363,2363,2366.5666666666666,0.0,14.0,214.0,0.1,22.0,80.0,2406.0,True
19257,BatchInference,RegionE,RegionE,2362,2362,2366.55,0.0,14.0,273.0,0.1,5.0,80.0,2406.0,False
42142,AITraining,RegionE,RegionE,2361,2361,2366.516666666667,0.0,50.0,331.0,0.16,5.0,150.0,2406.0,False
18644,AITraining,RegionD,RegionE,2365,2365,2366.5,0.0,86.0,90.0,0.16,22.0,150.0,2406.0,True
28993,AITraining,RegionC,RegionE,2364,2364,2366.2,0.0,109.0,132.0,0.16,70.0,150.0,2406.0,True
34363,BatchInference,RegionE,RegionE,2360,2360,2366.0333333333333,0.0,16.0,362.0,0.1,5.0,80.0,2406.0,False
17249,AITraining,RegionE,RegionE,2361,2361,2365.883333333333,0.0,115.0,293.0,0.16,5.0,150.0,2406.0,False
38948,AITraining,RegionE,RegionF,2361,2361,2365.866666666667,0.0,114.0,292.0,0.16,18.0,150.0,2406.0,True
48033,BatchInference,RegionE,RegionE,2360,2360,2365.866666666667,0.0,14.0,352.0,0.1,5.0,80.0,2406.0,False
39242,AITraining,RegionE,RegionE,2363,2363,2365.8166666666666,0.0,23.0,169.0,0.16,5.0,150.0,2406.0,False
7678,AITraining,RegionE,RegionF,2362,2362,2365.516666666667,0.0,26.0,211.0,0.16,18.0,150.0,2406.0,True
35439,AITraining,RegionF,RegionE,2363,2366,2368.2,3.0,74.0,132.0,0.16,18.0,150.0,2406.0,True
1314,AITraining,RegionD,RegionF,2359,2360,2366.116666666667,1.0,98.0,367.0,0.16,25.0,150.0,2406.0,True
18546,BatchInference,RegionC,RegionF,2364,2364,2365.0,0.0,15.0,60.0,0.1,76.0,80.0,2406.0,True
15071,AITraining,RegionE,RegionE,2358,2358,2364.65,0.0,84.0,399.0,0.16,5.0,150.0,2406.0,False
9635,AITraining,RegionF,RegionE,2360,2360,2364.5666666666666,0.0,100.0,274.0,0.16,18.0,150.0,2406.0,True
2287,AITraining,RegionF,RegionF,2361,2362,2365.5333333333333,1.0,126.0,212.0,0.16,5.0,150.0,2406.0,False
25378,AITraining,RegionF,RegionE,2364,2364,2364.3,0.0,118.0,18.0,0.16,18.0,150.0,2406.0,True
10113,AITraining,RegionF,RegionF,2359,2361,2366.2166666666667,2.0,96.0,313.0,0.16,5.0,150.0,2406.0,False
16252,AITraining,RegionE,RegionF,2359,2360,2365.1833333333334,1.0,69.0,311.0,0.16,18.0,150.0,2406.0,True
25628,AITraining,RegionC,RegionE,2360,2360,2364.1666666666665,0.0,26.0,250.0,0.16,70.0,150.0,2406.0,True
16373,AITraining,RegionD,RegionF,2361,2361,2364.0833333333335,0.0,104.0,185.0,0.16,25.0,150.0,2406.0,True
34381,BatchInference,RegionC,RegionE,2361,2361,2364.016666666667,0.0,17.0,181.0,0.1,70.0,80.0,2406.0,True
2632,BatchInference,RegionB,RegionE,2359,2359,2363.9666666666667,0.0,10.0,298.0,0.1,74.0,80.0,2406.0,True
26313,BatchInference,RegionC,RegionE,2360,2360,2363.95,0.0,13.0,237.0,0.1,70.0,80.0,2406.0,True
10654,AITraining,RegionD,RegionE,2358,2358,2363.9166666666665,0.0,116.0,355.0,0.16,22.0,150.0,2406.0,True
21050,AITraining,RegionD,RegionE,2361,2361,2363.883333333333,0.0,28.0,173.0,0.16,22.0,150.0,2406.0,True
19648,BatchInference,RegionC,RegionE,2361,2361,2363.883333333333,0.0,21.0,173.0,0.1,70.0,80.0,2406.0,True
45570,AITraining,RegionD,RegionF,2363,2363,2363.8333333333335,0.0,30.0,50.0,0.16,25.0,150.0,2406.0,True
5347,BatchInference,RegionB,RegionB,2363,2363,2363.75,0.0,6.0,45.0,0.1,5.0,80.0,2406.0,False
36296,BatchInference,RegionC,RegionF,2359,2359,2363.7,0.0,14.0,282.0,0.1,76.0,80.0,2406.0,True
6086,AITraining,RegionF,RegionF,2363,2363,2363.4666666666667,0.0,44.0,28.0,0.16,5.0,150.0,2406.0,False
6956,AITraining,RegionE,RegionF,2360,2360,2363.4,0.0,73.0,204.0,0.16,18.0,150.0,2406.0,True
3494,AITraining,RegionF,RegionE,2360,2360,2363.3333333333335,0.0,21.0,200.0,0.16,18.0,150.0,2406.0,True
3007,AITraining,RegionE,RegionF,2361,2361,2363.3166666666666,0.0,70.0,139.0,0.16,18.0,150.0,2406.0,True
39147,AITraining,RegionB,RegionF,2361,2361,2363.3,0.0,108.0,138.0,0.16,79.0,150.0,2406.0,True
31390,AITraining,RegionE,RegionF,2360,2363,2366.266666666667,3.0,109.0,196.0,0.16,18.0,150.0,2406.0,True
29945,BatchInference,RegionB,RegionF,2357,2357,2363.1,0.0,15.0,366.0,0.1,79.0,80.0,2406.0,True
42187,AITraining,RegionE,RegionF,2358,2363,2368.0666666666666,5.0,68.0,304.0,0.16,18.0,150.0,2406.0,True
6026,AITraining,RegionF,RegionF,2362,2364,2365.016666666667,2.0,72.0,61.0,0.16,5.0,150.0,2406.0,False
27082,AITraining,RegionF,RegionE,2359,2359,2363.0,0.0,78.0,240.0,0.16,18.0,150.0,2406.0,True
47157,BatchInference,RegionB,RegionE,2357,2357,2362.9666666666667,0.0,16.0,358.0,0.1,74.0,80.0,2406.0,True
11672,AITraining,RegionE,RegionF,2362,2364,2364.95,2.0,62.0,57.0,0.16,18.0,150.0,2406.0,True
14067,AITraining,RegionE,RegionF,2357,2357,2362.8,0.0,19.0,348.0,0.16,18.0,150.0,2406.0,True
785,BatchInference,RegionE,RegionF,2358,2358,2362.6666666666665,0.0,14.0,280.0,0.1,18.0,80.0,2406.0,True
3048,BatchInference,RegionE,RegionE,2360,2360,2362.65,0.0,9.0,159.0,0.1,5.0,80.0,2406.0,False
3086,AITraining,RegionE,RegionF,2359,2365,2368.55,6.0,91.0,213.0,0.16,18.0,150.0,2406.0,True
37377,BatchInference,RegionB,RegionD,2362,2362,2362.4666666666667,0.0,19.0,28.0,0.1,60.0,80.0,2406.0,True
48695,BatchInference,RegionD,RegionD,2362,2362,2362.4666666666667,0.0,19.0,28.0,0.1,5.0,80.0,2406.0,False
7052,BatchInference,RegionB,RegionF,2357,2357,2362.45,0.0,22.0,327.0,0.1,79.0,80.0,2406.0,True
5938,BatchInference,RegionB,RegionF,2361,2361,2362.45,0.0,9.0,87.0,0.1,79.0,80.0,2406.0,True
17239,BatchInference,RegionB,RegionF,2359,2364,2367.4,5.0,20.0,204.0,0.1,79.0,80.0,2406.0,True
45459,AITraining,RegionD,RegionF,2361,2364,2365.4,3.0,33.0,84.0,0.16,25.0,150.0,2406.0,True
37840,AITraining,RegionF,RegionD,2356,2361,2367.3333333333335,5.0,118.0,380.0,0.16,25.0,150.0,2406.0,True
35918,BatchInference,RegionE,RegionE,2361,2361,2362.3,0.0,8.0,78.0,0.1,5.0,80.0,2406.0,False
15363,AITraining,RegionD,RegionF,2360,2365,2367.15,5.0,93.0,129.0,0.16,25.0,150.0,2406.0,True
42373,AITraining,RegionF,RegionE,2360,2360,2361.85,0.0,115.0,111.0,0.16,18.0,150.0,2406.0,True
3065,BatchInference,RegionB,RegionE,2356,2356,2361.7,0.0,21.0,342.0,0.1,74.0,80.0,2406.0,True
24001,AITraining,RegionB,RegionE,2361,2361,2361.7,0.0,113.0,42.0,0.16,74.0,150.0,2406.0,True
3674,AITraining,RegionD,RegionF,2359,2359,2361.6833333333334,0.0,81.0,161.0,0.16,25.0,150.0,2406.0,True
19995,BatchInference,RegionB,RegionF,2360,2360,2361.5333333333333,0.0,11.0,92.0,0.1,79.0,80.0,2406.0,True
31195,AITraining,RegionF,RegionF,2358,2358,2361.483333333333,0.0,37.0,209.0,0.16,5.0,150.0,2406.0,False
17444,AITraining,RegionD,RegionF,2355,2355,2361.45,0.0,46.0,387.0,0.16,25.0,150.0,2406.0,True
42475,AITraining,RegionD,RegionF,2360,2366,2367.2833333333333,6.0,102.0,77.0,0.16,25.0,150.0,2406.0,True
5396,BatchInference,RegionD,RegionF,2357,2357,2361.266666666667,0.0,15.0,256.0,0.1,25.0,80.0,2406.0,True
46560,AITraining,RegionD,RegionF,2357,2357,2361.2,0.0,75.0,252.0,0.16,25.0,150.0,2406.0,True
6819,BatchInference,RegionD,RegionE,2355,2355,2361.0666666666666,0.0,16.0,364.0,0.1,22.0,80.0,2406.0,True
43856,AITraining,RegionF,RegionF,2359,2359,2361.016666666667,0.0,116.0,121.0,0.16,5.0,150.0,2406.0,False
29678,BatchInference,RegionC,RegionD,2360,2360,2360.9,0.0,6.0,54.0,0.1,58.0,80.0,2406.0,True
19196,BatchInference,RegionD,RegionE,2359,2359,2360.8166666666666,0.0,23.0,109.0,0.1,22.0,80.0,2406.0,True
21829,AITraining,RegionF,RegionE,2355,2355,2360.8166666666666,0.0,26.0,349.0,0.16,18.0,150.0,2406.0,True
37130,AITraining,RegionE,RegionE,2359,2359,2360.766666666667,0.0,33.0,106.0,0.16,5.0,150.0,2406.0,False
19190,AITraining,RegionE,RegionE,2360,2360,2360.65,0.0,116.0,39.0,0.16,5.0,150.0,2406.0,False
33771,BatchInference,RegionC,RegionE,2358,2358,2360.65,0.0,7.0,159.0,0.1,70.0,80.0,2406.0,True
28562,AITraining,RegionD,RegionE,2355,2355,2360.5666666666666,0.0,48.0,334.0,0.16,22.0,150.0,2406.0,True
37825,BatchInference,RegionC,RegionE,2359,2359,2360.5,0.0,20.0,90.0,0.1,70.0,80.0,2406.0,True
6565,AITraining,RegionF,RegionE,2356,2356,2360.483333333333,0.0,117.0,269.0,0.16,18.0,150.0,2406.0,True
33793,BatchInference,RegionE,RegionE,2358,2358,2360.4,0.0,22.0,144.0,0.1,5.0,80.0,2406.0,False
26216,BatchInference,RegionE,RegionE,2357,2357,2360.35,0.0,9.0,201.0,0.1,5.0,80.0,2406.0,False
40092,AITraining,RegionC,RegionE,2357,2357,2360.25,0.0,48.0,195.0,0.16,70.0,150.0,2406.0,True
37249,BatchInference,RegionD,RegionD,2358,2358,2360.15,0.0,5.0,129.0,0.1,5.0,80.0,2406.0,False
7194,AITraining,RegionF,RegionE,2359,2359,2360.1,0.0,40.0,66.0,0.16,18.0,150.0,2406.0,True
7664,AITraining,RegionE,RegionE,2356,2356,2359.95,0.0,37.0,237.0,0.16,5.0,150.0,2406.0,False
9716,AITraining,RegionD,RegionE,2358,2358,2359.8166666666666,0.0,81.0,109.0,0.16,22.0,150.0,2406.0,True
34652,AITraining,RegionF,RegionE,2355,2355,2359.7833333333333,0.0,95.0,287.0,0.16,18.0,150.0,2406.0,True
46870,BatchInference,RegionC,RegionE,2355,2355,2359.383333333333,0.0,12.0,263.0,0.1,70.0,80.0,2406.0,True
28751,BatchInference,RegionB,RegionB,2359,2359,2359.1833333333334,0.0,22.0,11.0,0.1,5.0,80.0,2406.0,False
45636,AITraining,RegionD,RegionE,2353,2353,2359.15,0.0,68.0,369.0,0.16,22.0,150.0,2406.0,True
21637,BatchInference,RegionD,RegionE,2355,2355,2359.0666666666666,0.0,8.0,244.0,0.1,22.0,80.0,2406.0,True
3618,BatchInference,RegionD,RegionE,2353,2353,2359.05,0.0,17.0,363.0,0.1,22.0,80.0,2406.0,True
43304,BatchInference,RegionE,RegionE,2356,2356,2358.95,0.0,4.0,177.0,0.1,5.0,80.0,2406.0,False
7974,BatchInference,RegionE,RegionF,2357,2357,2358.9333333333334,0.0,5.0,116.0,0.1,18.0,80.0,2406.0,True
2804,AITraining,RegionE,RegionE,2358,2358,2358.9,0.0,85.0,54.0,0.16,5.0,150.0,2406.0,False
32744,AITraining,RegionF,RegionF,2356,2356,2358.883333333333,0.0,18.0,173.0,0.16,5.0,150.0,2406.0,False
30124,AITraining,RegionE,RegionF,2354,2356,2360.5833333333335,2.0,96.0,275.0,0.16,18.0,150.0,2406.0,True
49037,AITraining,RegionF,RegionF,2357,2357,2358.516666666667,0.0,25.0,91.0,0.16,5.0,150.0,2406.0,False
20535,AITraining,RegionE,RegionF,2352,2354,2360.383333333333,2.0,120.0,383.0,0.16,18.0,150.0,2406.0,True
31816,AITraining,RegionD,RegionF,2358,2358,2358.3166666666666,0.0,94.0,19.0,0.16,25.0,150.0,2406.0,True
35139,AITraining,RegionB,RegionF,2358,2358,2358.2833333333333,0.0,47.0,17.0,0.16,79.0,150.0,2406.0,True
29128,BatchInference,RegionD,RegionE,2352,2352,2358.133333333333,0.0,17.0,368.0,0.1,22.0,80.0,2406.0,True
34066,BatchInference,RegionC,RegionE,2355,2355,2357.883333333333,0.0,10.0,173.0,0.1,70.0,80.0,2406.0,True
17542,AITraining,RegionD,RegionE,2353,2353,2357.766666666667,0.0,96.0,286.0,0.16,22.0,150.0,2406.0,True
25281,BatchInference,RegionB,RegionE,2355,2355,2357.75,0.0,21.0,165.0,0.1,74.0,80.0,2406.0,True
13784,AITraining,RegionD,RegionE,2354,2354,2357.7,0.0,19.0,222.0,0.16,22.0,150.0,2406.0,True
44396,BatchInference,RegionB,RegionE,2354,2354,2357.633333333333,0.0,20.0,218.0,0.1,74.0,80.0,2406.0,True
43720,BatchInference,RegionB,RegionE,2351,2351,2357.4333333333334,0.0,20.0,386.0,0.1,74.0,80.0,2406.0,True
20336,BatchInference,RegionB,RegionE,2352,2352,2357.3333333333335,0.0,22.0,320.0,0.1,74.0,80.0,2406.0,True
19590,AITraining,RegionE,RegionE,2353,2353,2357.3166666666666,0.0,43.0,259.0,0.16,5.0,150.0,2406.0,False
25416,BatchInference,RegionE,RegionD,2357,2357,2357.266666666667,0.0,4.0,16.0,0.1,22.0,80.0,2406.0,True
24162,BatchInference,RegionD,RegionE,2351,2351,2357.2166666666667,0.0,11.0,373.0,0.1,22.0,80.0,2406.0,True
43271,AITraining,RegionF,RegionE,2354,2354,2357.1666666666665,0.0,31.0,190.0,0.16,18.0,150.0,2406.0,True
279,AITraining,RegionE,RegionE,2357,2357,2357.1666666666665,0.0,88.0,10.0,0.16,5.0,150.0,2406.0,False
36371,AITraining,RegionF,RegionE,2356,2356,2357.0833333333335,0.0,76.0,65.0,0.16,18.0,150.0,2406.0,True
40798,BatchInference,RegionE,RegionE,2351,2351,2357.016666666667,0.0,17.0,361.0,0.1,5.0,80.0,2406.0,False
49462,BatchInference,RegionD,RegionF,2356,2356,2357.016666666667,0.0,15.0,61.0,0.1,25.0,80.0,2406.0,True
33424,AITraining,RegionE,RegionF,2351,2351,2356.95,0.0,56.0,357.0,0.16,18.0,150.0,2406.0,True
14183,AITraining,RegionD,RegionF,2352,2352,2356.6,0.0,53.0,276.0,0.16,25.0,150.0,2406.0,True
4999,AITraining,RegionD,RegionF,2350,2350,2356.6,0.0,28.0,396.0,0.16,25.0,150.0,2406.0,True
9778,AITraining,RegionF,RegionF,2355,2355,2356.5666666666666,0.0,99.0,94.0,0.16,5.0,150.0,2406.0,False
47685,AITraining,RegionE,RegionF,2350,2354,2360.516666666667,4.0,122.0,391.0,0.16,18.0,150.0,2406.0,True
37359,BatchInference,RegionC,RegionE,2350,2350,2356.5,0.0,11.0,390.0,0.1,70.0,80.0,2406.0,True
35044,BatchInference,RegionD,RegionF,2353,2353,2356.45,0.0,23.0,207.0,0.1,25.0,80.0,2406.0,True
36549,AITraining,RegionA,RegionF,2350,2354,2360.383333333333,4.0,103.0,383.0,0.16,82.0,150.0,2406.0,True
11034,AITraining,RegionD,RegionF,2353,2353,2356.383333333333,0.0,24.0,203.0,0.16,25.0,150.0,2406.0,True
14507,BatchInference,RegionD,RegionE,2353,2353,2356.383333333333,0.0,12.0,203.0,0.1,22.0,80.0,2406.0,True
47663,AITraining,RegionD,RegionF,2356,2356,2356.383333333333,0.0,53.0,23.0,0.16,25.0,150.0,2406.0,True
1541,AITraining,RegionA,RegionE,2356,2357,2357.366666666667,1.0,95.0,22.0,0.16,78.0,150.0,2406.0,True
19364,AITraining,RegionD,RegionF,2354,2354,2356.3166666666666,0.0,61.0,139.0,0.16,25.0,150.0,2406.0,True
24445,AITraining,RegionF,RegionF,2356,2356,2356.266666666667,0.0,96.0,16.0,0.16,5.0,150.0,2406.0,False
3946,AITraining,RegionE,RegionD,2356,2356,2356.233333333333,0.0,21.0,14.0,0.16,22.0,150.0,2406.0,True
32093,AITraining,RegionE,RegionF,2351,2351,2356.1,0.0,93.0,306.0,0.16,18.0,150.0,2406.0,True
10342,AITraining,RegionF,RegionF,2350,2350,2356.0333333333333,0.0,82.0,362.0,0.16,5.0,150.0,2406.0,False
35957,BatchInference,RegionE,RegionE,2350,2350,2355.9666666666667,0.0,12.0,358.0,0.1,5.0,80.0,2406.0,False
10081,AITraining,RegionF,RegionE,2353,2353,2355.95,0.0,88.0,177.0,0.16,18.0,150.0,2406.0,True
37371,BatchInference,RegionB,RegionE,2354,2354,2355.85,0.0,9.0,111.0,0.1,74.0,80.0,2406.0,True
15737,AITraining,RegionD,RegionE,2351,2351,2355.8333333333335,0.0,32.0,290.0,0.16,22.0,150.0,2406.0,True
44818,BatchInference,RegionD,RegionE,2352,2352,2355.8,0.0,22.0,228.0,0.1,22.0,80.0,2406.0,True
39674,AITraining,RegionD,RegionE,2351,2351,2355.633333333333,0.0,61.0,278.0,0.16,22.0,150.0,2406.0,True
32037,AITraining,RegionD,RegionE,2355,2355,2355.633333333333,0.0,45.0,38.0,0.16,22.0,150.0,2406.0,True
45855,BatchInference,RegionD,RegionE,2351,2351,2355.6,0.0,11.0,276.0,0.1,22.0,80.0,2406.0,True
24699,BatchInference,RegionC,RegionE,2351,2351,2355.516666666667,0.0,6.0,271.0,0.1,70.0,80.0,2406.0,True
3512,BatchInference,RegionC,RegionE,2350,2350,2355.4333333333334,0.0,5.0,326.0,0.1,70.0,80.0,2406.0,True
43649,AITraining,RegionD,RegionF,2350,2350,2355.4166666666665,0.0,112.0,325.0,0.16,25.0,150.0,2406.0,True
9480,AITraining,RegionD,RegionF,2352,2356,2359.4166666666665,4.0,115.0,205.0,0.16,25.0,150.0,2406.0,True
40620,AITraining,RegionE,RegionF,2349,2349,2355.35,0.0,25.0,381.0,0.16,18.0,150.0,2406.0,True
38114,BatchInference,RegionD,RegionD,2355,2355,2355.3,0.0,11.0,18.0,0.1,5.0,80.0,2406.0,False
32261,AITraining,RegionD,RegionF,2354,2357,2358.25,3.0,114.0,75.0,0.16,25.0,150.0,2406.0,True
19991,BatchInference,RegionE,RegionE,2350,2350,2354.95,0.0,15.0,297.0,0.1,5.0,80.0,2406.0,False
1033,BatchInference,RegionD,RegionE,2354,2354,2354.883333333333,0.0,16.0,53.0,0.1,22.0,80.0,2406.0,True
7650,BatchInference,RegionB,RegionB,2354,2354,2354.883333333333,0.0,4.0,53.0,0.1,5.0,80.0,2406.0,False
42674,AITraining,RegionF,RegionE,2350,2350,2354.7,0.0,50.0,282.0,0.16,18.0,150.0,2406.0,True
12905,BatchInference,RegionC,RegionC,2354,2354,2354.6833333333334,0.0,4.0,41.0,0.1,5.0,80.0,2406.0,False
36215,AITraining,RegionC,RegionE,2349,2349,2354.6666666666665,0.0,66.0,340.0,0.16,70.0,150.0,2406.0,True
22508,BatchInference,RegionC,RegionE,2354,2354,2354.65,0.0,22.0,39.0,0.1,70.0,80.0,2406.0,True
11917,BatchInference,RegionE,RegionE,2348,2348,2354.633333333333,0.0,21.0,398.0,0.1,5.0,80.0,2406.0,False
24340,AITraining,RegionF,RegionE,2349,2349,2354.55,0.0,35.0,333.0,0.16,18.0,150.0,2406.0,True
41085,BatchInference,RegionC,RegionE,2349,2349,2354.366666666667,0.0,14.0,322.0,0.1,70.0,80.0,2406.0,True
8325,AITraining,RegionD,RegionE,2349,2349,2354.3,0.0,92.0,318.0,0.16,22.0,150.0,2406.0,True
33893,AITraining,RegionC,RegionF,2353,2353,2354.2833333333333,0.0,44.0,77.0,0.16,76.0,150.0,2406.0,True
3432,AITraining,RegionD,RegionF,2351,2351,2354.2166666666667,0.0,56.0,193.0,0.16,25.0,150.0,2406.0,True
39877,AITraining,RegionD,RegionF,2350,2350,2354.1666666666665,0.0,116.0,250.0,0.16,25.0,150.0,2406.0,True
47456,AITraining,RegionF,RegionF,2352,2352,2354.1,0.0,127.0,126.0,0.16,5.0,150.0,2406.0,False
3414,BatchInference,RegionD,RegionE,2353,2353,2354.1,0.0,20.0,66.0,0.1,22.0,80.0,2406.0,True
21169,AITraining,RegionD,RegionF,2350,2350,2354.05,0.0,60.0,243.0,0.16,25.0,150.0,2406.0,True
7906,BatchInference,RegionB,RegionE,2348,2348,2353.9166666666665,0.0,13.0,355.0,0.1,74.0,80.0,2406.0,True
17139,AITraining,RegionF,RegionD,2350,2362,2365.883333333333,12.0,80.0,233.0,0.16,25.0,150.0,2406.0,True
6528,AITraining,RegionD,RegionF,2350,2350,2353.8,0.0,60.0,228.0,0.16,25.0,150.0,2406.0,True
16854,AITraining,RegionE,RegionD,2348,2348,2353.7833333333333,0.0,35.0,347.0,0.16,22.0,150.0,2406.0,True
36080,AITraining,RegionE,RegionD,2347,2361,2367.6,14.0,98.0,396.0,0.16,22.0,150.0,2406.0,True
37961,AITraining,RegionD,RegionD,2349,2361,2365.6,12.0,64.0,276.0,0.16,5.0,150.0,2406.0,False
18185,BatchInference,RegionC,RegionF,2347,2347,2353.5666666666666,0.0,6.0,394.0,0.1,76.0,80.0,2406.0,True
13554,BatchInference,RegionC,RegionD,2353,2353,2353.5333333333333,0.0,19.0,32.0,0.1,58.0,80.0,2406.0,True
23127,AITraining,RegionF,RegionD,2348,2361,2366.5,13.0,69.0,330.0,0.16,25.0,150.0,2406.0,True
14176,BatchInference,RegionB,RegionF,2349,2349,2353.4,0.0,11.0,264.0,0.1,79.0,80.0,2406.0,True
7991,BatchInference,RegionB,RegionD,2352,2352,2353.4,0.0,4.0,84.0,0.1,60.0,80.0,2406.0,True
36252,AITraining,RegionE,RegionD,2349,2362,2366.2166666666667,13.0,72.0,253.0,0.16,22.0,150.0,2406.0,True
17813,AITraining,RegionE,RegionE,2350,2350,2352.7166666666667,0.0,110.0,163.0,0.16,5.0,150.0,2406.0,False
35469,AITraining,RegionD,RegionE,2350,2350,2352.7166666666667,0.0,45.0,163.0,0.16,22.0,150.0,2406.0,True
17097,AITraining,RegionE,RegionE,2347,2347,2352.6666666666665,0.0,31.0,340.0,0.16,5.0,150.0,2406.0,False
46326,AITraining,RegionE,RegionE,2351,2351,2352.5833333333335,0.0,28.0,95.0,0.16,5.0,150.0,2406.0,False
34159,AITraining,RegionE,RegionE,2346,2346,2352.483333333333,0.0,41.0,389.0,0.16,5.0,150.0,2406.0,False
43369,BatchInference,RegionD,RegionE,2349,2349,2352.4666666666667,0.0,11.0,208.0,0.1,22.0,80.0,2406.0,True
17116,BatchInference,RegionC,RegionC,2352,2352,2352.4166666666665,0.0,4.0,25.0,0.1,5.0,80.0,2406.0,False
8845,AITraining,RegionE,RegionE,2351,2351,2352.383333333333,0.0,118.0,83.0,0.16,5.0,150.0,2406.0,False
29967,AITraining,RegionE,RegionF,2350,2350,2352.266666666667,0.0,124.0,136.0,0.16,18.0,150.0,2406.0,True
36531,BatchInference,RegionB,RegionE,2350,2350,2352.233333333333,0.0,5.0,134.0,0.1,74.0,80.0,2406.0,True
737,BatchInference,RegionC,RegionE,2351,2351,2352.133333333333,0.0,9.0,68.0,0.1,70.0,80.0,2406.0,True
11078,AITraining,RegionF,RegionF,2351,2351,2352.0666666666666,0.0,119.0,64.0,0.16,5.0,150.0,2406.0,False
24018,BatchInference,RegionD,RegionD,2346,2346,2351.9666666666667,0.0,18.0,358.0,0.1,5.0,80.0,2406.0,False
49003,BatchInference,RegionD,RegionF,2347,2356,2360.75,9.0,20.0,285.0,0.1,25.0,80.0,2406.0,True
28150,BatchInference,RegionD,RegionF,2347,2347,2351.733333333333,0.0,15.0,284.0,0.1,25.0,80.0,2406.0,True
4594,BatchInference,RegionC,RegionD,2346,2346,2351.7,0.0,16.0,342.0,0.1,58.0,80.0,2406.0,True
42088,BatchInference,RegionC,RegionE,2347,2347,2351.6833333333334,0.0,5.0,281.0,0.1,70.0,80.0,2406.0,True
47478,AITraining,RegionC,RegionF,2349,2356,2358.4166666666665,7.0,27.0,145.0,0.16,76.0,150.0,2406.0,True
29716,BatchInference,RegionB,RegionB,2351,2351,2351.383333333333,0.0,4.0,23.0,0.1,5.0,80.0,2406.0,False
35632,BatchInference,RegionB,RegionD,2348,2348,2351.366666666667,0.0,12.0,202.0,0.1,60.0,80.0,2406.0,True
46780,BatchInference,RegionD,RegionF,2345,2345,2351.266666666667,0.0,6.0,376.0,0.1,25.0,80.0,2406.0,True
9854,AITraining,RegionD,RegionD,2345,2345,2351.2166666666667,0.0,77.0,373.0,0.16,5.0,150.0,2406.0,False
29141,BatchInference,RegionD,RegionD,2350,2350,2351.2,0.0,12.0,72.0,0.1,5.0,80.0,2406.0,False
37012,AITraining,RegionE,RegionD,2349,2349,2351.1666666666665,0.0,40.0,130.0,0.16,22.0,150.0,2406.0,True
17910,BatchInference,RegionC,RegionC,2351,2351,2351.1666666666665,0.0,17.0,10.0,0.1,5.0,80.0,2406.0,False
37363,AITraining,RegionC,RegionE,2350,2352,2353.016666666667,2.0,66.0,61.0,0.16,70.0,150.0,2406.0,True
22240,AITraining,RegionE,RegionE,2348,2348,2350.883333333333,0.0,59.0,173.0,0.16,5.0,150.0,2406.0,False
41872,BatchInference,RegionC,RegionE,2348,2348,2350.883333333333,0.0,20.0,173.0,0.1,70.0,80.0,2406.0,True
31637,AITraining,RegionD,RegionE,2350,2350,2350.8166666666666,0.0,39.0,49.0,0.16,22.0,150.0,2406.0,True
26045,BatchInference,RegionD,RegionE,2347,2347,2350.733333333333,0.0,18.0,224.0,0.1,22.0,80.0,2406.0,True
20235,AITraining,RegionF,RegionE,2345,2345,2350.65,0.0,53.0,339.0,0.16,18.0,150.0,2406.0,True
13250,AITraining,RegionB,RegionE,2344,2344,2350.6,0.0,47.0,396.0,0.16,74.0,150.0,2406.0,True
21316,AITraining,RegionE,RegionE,2348,2348,2350.2833333333333,0.0,62.0,137.0,0.16,5.0,150.0,2406.0,False
18219,AITraining,RegionE,RegionE,2347,2347,2350.266666666667,0.0,112.0,196.0,0.16,5.0,150.0,2406.0,False
9899,BatchInference,RegionB,RegionE,2346,2346,2350.266666666667,0.0,14.0,256.0,0.1,74.0,80.0,2406.0,True
29793,AITraining,RegionB,RegionE,2348,2348,2350.1666666666665,0.0,68.0,130.0,0.16,74.0,150.0,2406.0,True
11235,AITraining,RegionF,RegionF,2345,2345,2349.95,0.0,120.0,297.0,0.16,5.0,150.0,2406.0,False
24505,AITraining,RegionF,RegionE,2348,2348,2349.9166666666665,0.0,109.0,115.0,0.16,18.0,150.0,2406.0,True
46459,AITraining,RegionF,RegionF,2348,2348,2349.85,0.0,92.0,111.0,0.16,5.0,150.0,2406.0,False
16659,BatchInference,RegionE,RegionF,2346,2346,2349.8333333333335,0.0,13.0,230.0,0.1,18.0,80.0,2406.0,True
14397,AITraining,RegionF,RegionF,2347,2347,2349.75,0.0,26.0,165.0,0.16,5.0,150.0,2406.0,False
20316,AITraining,RegionD,RegionF,2343,2343,2349.633333333333,0.0,65.0,398.0,0.16,25.0,150.0,2406.0,True
4135,BatchInference,RegionC,RegionF,2345,2345,2349.45,0.0,22.0,267.0,0.1,76.0,80.0,2406.0,True
45328,AITraining,RegionD,RegionF,2345,2345,2349.35,0.0,63.0,261.0,0.16,25.0,150.0,2406.0,True
1953,AITraining,RegionF,RegionF,2346,2346,2349.2833333333333,0.0,80.0,197.0,0.16,5.0,150.0,2406.0,False
44877,AITraining,RegionE,RegionF,2345,2345,2349.15,0.0,68.0,249.0,0.16,18.0,150.0,2406.0,True
1235,AITraining,RegionD,RegionE,2346,2346,2349.0833333333335,0.0,23.0,185.0,0.16,22.0,150.0,2406.0,True
43206,BatchInference,RegionE,RegionE,2346,2346,2348.9166666666665,0.0,16.0,175.0,0.1,5.0,80.0,2406.0,False
5420,AITraining,RegionD,RegionE,2346,2346,2348.7,0.0,60.0,162.0,0.16,22.0,150.0,2406.0,True
7330,BatchInference,RegionD,RegionE,2348,2348,2348.7,0.0,16.0,42.0,0.1,22.0,80.0,2406.0,True
38133,BatchInference,RegionC,RegionE,2343,2343,2348.65,0.0,21.0,339.0,0.1,70.0,80.0,2406.0,True
2146,AITraining,RegionD,RegionE,2343,2343,2348.5666666666666,0.0,40.0,334.0,0.16,22.0,150.0,2406.0,True
32451,AITraining,RegionD,RegionE,2348,2348,2348.4666666666667,0.0,26.0,28.0,0.16,22.0,150.0,2406.0,True
46038,BatchInference,RegionD,RegionD,2348,2348,2348.4666666666667,0.0,15.0,28.0,0.1,5.0,80.0,2406.0,False
29857,BatchInference,RegionE,RegionE,2346,2346,2348.383333333333,0.0,19.0,143.0,0.1,5.0,80.0,2406.0,False
7626,BatchInference,RegionD,RegionE,2345,2345,2348.3166666666666,0.0,16.0,199.0,0.1,22.0,80.0,2406.0,True
13951,AITraining,RegionF,RegionE,2344,2344,2348.266666666667,0.0,57.0,256.0,0.16,18.0,150.0,2406.0,True
44582,BatchInference,RegionD,RegionE,2345,2345,2348.133333333333,0.0,18.0,188.0,0.1,22.0,80.0,2406.0,True
14847,BatchInference,RegionC,RegionE,2345,2345,2348.0,0.0,7.0,180.0,0.1,70.0,80.0,2406.0,True
23307,AITraining,RegionD,RegionE,2343,2343,2347.8333333333335,0.0,83.0,290.0,0.16,22.0,150.0,2406.0,True
11282,AITraining,RegionB,RegionE,2346,2346,2347.8333333333335,0.0,117.0,110.0,0.16,74.0,150.0,2406.0,True
45240,AITraining,RegionF,RegionE,2342,2342,2347.7833333333333,0.0,96.0,347.0,0.16,18.0,150.0,2406.0,True
9852,AITraining,RegionB,RegionF,2346,2346,2347.733333333333,0.0,93.0,104.0,0.16,79.0,150.0,2406.0,True
3272,AITraining,RegionF,RegionF,2344,2344,2347.5833333333335,0.0,68.0,215.0,0.16,5.0,150.0,2406.0,False
48795,AITraining,RegionF,RegionF,2342,2342,2347.5666666666666,0.0,117.0,334.0,0.16,5.0,150.0,2406.0,False
9164,AITraining,RegionD,RegionF,2342,2342,2347.55,0.0,39.0,333.0,0.16,25.0,150.0,2406.0,True
47790,BatchInference,RegionD,RegionE,2343,2343,2347.4333333333334,0.0,23.0,266.0,0.1,22.0,80.0,2406.0,True
12204,AITraining,RegionE,RegionF,2347,2347,2347.366666666667,0.0,29.0,22.0,0.16,18.0,150.0,2406.0,True
5312,AITraining,RegionF,RegionE,2342,2342,2347.1666666666665,0.0,21.0,310.0,0.16,18.0,150.0,2406.0,True
42607,BatchInference,RegionD,RegionE,2344,2344,2347.1,0.0,9.0,186.0,0.1,22.0,80.0,2406.0,True
10116,AITraining,RegionD,RegionF,2345,2345,2346.983333333333,0.0,96.0,119.0,0.16,25.0,150.0,2406.0,True
29243,AITraining,RegionD,RegionE,2343,2343,2346.95,0.0,83.0,237.0,0.16,22.0,150.0,2406.0,True
6669,BatchInference,RegionE,RegionF,2345,2345,2346.8333333333335,0.0,16.0,110.0,0.1,18.0,80.0,2406.0,True
14754,BatchInference,RegionB,RegionD,2346,2346,2346.6,0.0,14.0,36.0,0.1,60.0,80.0,2406.0,True
33519,AITraining,RegionB,RegionF,2344,2344,2346.5833333333335,0.0,80.0,155.0,0.16,79.0,150.0,2406.0,True
49703,BatchInference,RegionB,RegionE,2344,2344,2346.4666666666667,0.0,13.0,148.0,0.1,74.0,80.0,2406.0,True
20040,AITraining,RegionD,RegionF,2344,2344,2346.45,0.0,19.0,147.0,0.16,25.0,150.0,2406.0,True
830,BatchInference,RegionD,RegionF,2341,2341,2346.4166666666665,0.0,16.0,325.0,0.1,25.0,80.0,2406.0,True
48105,BatchInference,RegionD,RegionF,2341,2341,2346.383333333333,0.0,6.0,323.0,0.1,25.0,80.0,2406.0,True
23836,AITraining,RegionF,RegionD,2340,2340,2346.366666666667,0.0,75.0,382.0,0.16,25.0,150.0,2406.0,True
24919,AITraining,RegionA,RegionF,2344,2347,2349.35,3.0,102.0,141.0,0.16,82.0,150.0,2406.0,True
47008,AITraining,RegionD,RegionF,2345,2345,2346.35,0.0,29.0,81.0,0.16,25.0,150.0,2406.0,True
36439,BatchInference,RegionB,RegionF,2344,2344,2346.3333333333335,0.0,7.0,140.0,0.1,79.0,80.0,2406.0,True
15076,AITraining,RegionD,RegionF,2343,2347,2350.266666666667,4.0,78.0,196.0,0.16,25.0,150.0,2406.0,True
39189,AITraining,RegionD,RegionD,2341,2341,2346.25,0.0,72.0,315.0,0.16,5.0,150.0,2406.0,False
18052,AITraining,RegionD,RegionD,2341,2341,2346.0333333333333,0.0,121.0,302.0,0.16,5.0,150.0,2406.0,False
8464,AITraining,RegionD,RegionE,2344,2344,2345.75,0.0,87.0,105.0,0.16,22.0,150.0,2406.0,True
29846,AITraining,RegionC,RegionE,2340,2340,2345.5,0.0,29.0,330.0,0.16,70.0,150.0,2406.0,True
33967,BatchInference,RegionB,RegionE,2340,2340,2345.366666666667,0.0,6.0,322.0,0.1,74.0,80.0,2406.0,True
5426,BatchInference,RegionB,RegionE,2340,2340,2345.35,0.0,9.0,321.0,0.1,74.0,80.0,2406.0,True
4626,BatchInference,RegionB,RegionE,2341,2341,2345.3333333333335,0.0,16.0,260.0,0.1,74.0,80.0,2406.0,True
8103,BatchInference,RegionC,RegionE,2339,2339,2345.2166666666667,0.0,18.0,373.0,0.1,70.0,80.0,2406.0,True
19728,BatchInference,RegionD,RegionE,2340,2340,2345.15,0.0,10.0,309.0,0.1,22.0,80.0,2406.0,True
11704,BatchInference,RegionB,RegionB,2344,2344,2345.116666666667,0.0,6.0,67.0,0.1,5.0,80.0,2406.0,False
1026,AITraining,RegionE,RegionE,2344,2344,2345.1,0.0,123.0,66.0,0.16,5.0,150.0,2406.0,False
9907,BatchInference,RegionC,RegionE,2340,2340,2345.05,0.0,8.0,303.0,0.1,70.0,80.0,2406.0,True
15546,AITraining,RegionC,RegionF,2342,2342,2345.0,0.0,69.0,180.0,0.16,76.0,150.0,2406.0,True
31907,BatchInference,RegionB,RegionE,2341,2341,2344.6833333333334,0.0,6.0,221.0,0.1,74.0,80.0,2406.0,True
40126,BatchInference,RegionB,RegionE,2340,2340,2344.5333333333333,0.0,13.0,272.0,0.1,74.0,80.0,2406.0,True
26084,AITraining,RegionE,RegionE,2344,2345,2345.516666666667,1.0,120.0,31.0,0.16,5.0,150.0,2406.0,False
29291,AITraining,RegionE,RegionF,2340,2340,2344.4333333333334,0.0,63.0,266.0,0.16,18.0,150.0,2406.0,True
46561,AITraining,RegionD,RegionE,2339,2339,2344.4166666666665,0.0,37.0,325.0,0.16,22.0,150.0,2406.0,True
3080,AITraining,RegionE,RegionF,2340,2340,2344.3,0.0,102.0,258.0,0.16,18.0,150.0,2406.0,True
31347,AITraining,RegionF,RegionF,2340,2340,2344.2833333333333,0.0,56.0,257.0,0.16,5.0,150.0,2406.0,False
41223,BatchInference,RegionD,RegionE,2340,2340,2344.2833333333333,0.0,22.0,257.0,0.1,22.0,80.0,2406.0,True
33750,BatchInference,RegionB,RegionF,2343,2343,2344.2,0.0,11.0,72.0,0.1,79.0,80.0,2406.0,True
17378,AITraining,RegionD,RegionF,2339,2339,2344.116666666667,0.0,74.0,307.0,0.16,25.0,150.0,2406.0,True
21725,AITraining,RegionB,RegionE,2342,2342,2344.0,0.0,77.0,120.0,0.16,74.0,150.0,2406.0,True
5501,BatchInference,RegionE,RegionE,2343,2343,2343.7833333333333,0.0,20.0,47.0,0.1,5.0,80.0,2406.0,False
47042,BatchInference,RegionD,RegionE,2339,2339,2343.75,0.0,21.0,285.0,0.1,22.0,80.0,2406.0,True
9542,AITraining,RegionF,RegionE,2341,2341,2343.65,0.0,94.0,159.0,0.16,18.0,150.0,2406.0,True
43634,AITraining,RegionC,RegionE,2341,2341,2343.65,0.0,69.0,159.0,0.16,70.0,150.0,2406.0,True
18301,AITraining,RegionC,RegionE,2343,2343,2343.65,0.0,41.0,39.0,0.16,70.0,150.0,2406.0,True
2035,AITraining,RegionD,RegionE,2340,2340,2343.633333333333,0.0,60.0,218.0,0.16,22.0,150.0,2406.0,True
3071,BatchInference,RegionB,RegionE,2340,2340,2343.616666666667,0.0,13.0,217.0,0.1,74.0,80.0,2406.0,True
7766,AITraining,RegionB,RegionF,2339,2339,2343.483333333333,0.0,40.0,269.0,0.16,79.0,150.0,2406.0,True
12744,AITraining,RegionF,RegionF,2341,2341,2343.4333333333334,0.0,97.0,146.0,0.16,5.0,150.0,2406.0,False
41241,BatchInference,RegionB,RegionF,2342,2342,2343.4166666666665,0.0,15.0,85.0,0.1,79.0,80.0,2406.0,True
21371,AITraining,RegionC,RegionF,2338,2338,2343.3333333333335,0.0,50.0,320.0,0.16,76.0,150.0,2406.0,True
26684,AITraining,RegionB,RegionF,2340,2340,2343.3333333333335,0.0,23.0,200.0,0.16,79.0,150.0,2406.0,True
31450,AITraining,RegionE,RegionF,2337,2337,2343.2833333333333,0.0,69.0,377.0,0.16,18.0,150.0,2406.0,True
49654,BatchInference,RegionE,RegionE,2339,2339,2343.2166666666667,0.0,18.0,253.0,0.1,5.0,80.0,2406.0,False
9690,AITraining,RegionD,RegionF,2340,2340,2343.05,0.0,103.0,183.0,0.16,25.0,150.0,2406.0,True
38089,AITraining,RegionF,RegionE,2340,2340,2342.9666666666667,0.0,99.0,178.0,0.16,18.0,150.0,2406.0,True
2034,AITraining,RegionD,RegionE,2339,2339,2342.7166666666667,0.0,100.0,223.0,0.16,22.0,150.0,2406.0,True
44965,AITraining,RegionA,RegionD,2338,2338,2342.7,0.0,44.0,282.0,0.16,65.0,150.0,2406.0,True
49755,AITraining,RegionD,RegionF,2336,2336,2342.3166666666666,0.0,45.0,379.0,0.16,25.0,150.0,2406.0,True
22803,BatchInference,RegionC,RegionF,2337,2337,2342.3,0.0,22.0,318.0,0.1,76.0,80.0,2406.0,True
39636,BatchInference,RegionD,RegionE,2339,2339,2342.233333333333,0.0,19.0,194.0,0.1,22.0,80.0,2406.0,True
13528,AITraining,RegionD,RegionF,2339,2343,2346.2,4.0,42.0,192.0,0.16,25.0,150.0,2406.0,True
33387,AITraining,RegionF,RegionD,2337,2337,2342.133333333333,0.0,49.0,308.0,0.16,25.0,150.0,2406.0,True
11678,AITraining,RegionD,RegionF,2341,2343,2344.133333333333,2.0,120.0,68.0,0.16,25.0,150.0,2406.0,True
39275,AITraining,RegionE,RegionF,2338,2338,2342.0833333333335,0.0,63.0,245.0,0.16,18.0,150.0,2406.0,True
35539,AITraining,RegionA,RegionE,2340,2340,2342.0,0.0,114.0,120.0,0.16,78.0,150.0,2406.0,True
32826,AITraining,RegionD,RegionE,2339,2339,2342.0,0.0,36.0,180.0,0.16,22.0,150.0,2406.0,True
8961,BatchInference,RegionB,RegionE,2341,2341,2342.0,0.0,9.0,60.0,0.1,74.0,80.0,2406.0,True
30778,BatchInference,RegionB,RegionE,2339,2339,2341.9,0.0,5.0,174.0,0.1,74.0,80.0,2406.0,True
34638,AITraining,RegionE,RegionE,2339,2339,2341.883333333333,0.0,18.0,173.0,0.16,5.0,150.0,2406.0,False
20035,BatchInference,RegionC,RegionE,2337,2337,2341.8166666666666,0.0,13.0,289.0,0.1,70.0,80.0,2406.0,True
43513,BatchInference,RegionD,RegionF,2336,2336,2341.7,0.0,12.0,342.0,0.1,25.0,80.0,2406.0,True
47358,AITraining,RegionF,RegionF,2336,2336,2341.6666666666665,0.0,32.0,340.0,0.16,5.0,150.0,2406.0,False
10570,BatchInference,RegionC,RegionF,2341,2341,2341.6666666666665,0.0,15.0,40.0,0.1,76.0,80.0,2406.0,True
32172,AITraining,RegionE,RegionF,2340,2340,2341.616666666667,0.0,112.0,97.0,0.16,18.0,150.0,2406.0,True
44570,BatchInference,RegionE,RegionF,2337,2337,2341.5833333333335,0.0,7.0,275.0,0.1,18.0,80.0,2406.0,True
6837,BatchInference,RegionC,RegionF,2339,2339,2341.5833333333335,0.0,10.0,155.0,0.1,76.0,80.0,2406.0,True
29009,AITraining,RegionE,RegionF,2337,2337,2341.5333333333333,0.0,17.0,272.0,0.16,18.0,150.0,2406.0,True
27919,BatchInference,RegionB,RegionF,2339,2339,2341.516666666667,0.0,11.0,151.0,0.1,79.0,80.0,2406.0,True
12390,AITraining,RegionF,RegionD,2338,2338,2341.3166666666666,0.0,117.0,199.0,0.16,25.0,150.0,2406.0,True
32510,BatchInference,RegionB,RegionF,2340,2340,2341.3,0.0,9.0,78.0,0.1,79.0,80.0,2406.0,True
42388,AITraining,RegionD,RegionF,2340,2344,2345.133333333333,4.0,112.0,68.0,0.16,25.0,150.0,2406.0,True
6719,BatchInference,RegionC,RegionE,2336,2336,2341.0666666666666,0.0,12.0,304.0,0.1,70.0,80.0,2406.0,True
34185,BatchInference,RegionD,RegionE,2339,2339,2341.016666666667,0.0,16.0,121.0,0.1,22.0,80.0,2406.0,True
12318,AITraining,RegionA,RegionE,2339,2339,2340.95,0.0,116.0,117.0,0.16,78.0,150.0,2406.0,True
47716,BatchInference,RegionC,RegionE,2336,2336,2340.8,0.0,13.0,288.0,0.1,70.0,80.0,2406.0,True
46633,BatchInference,RegionB,RegionE,2335,2335,2340.766666666667,0.0,14.0,346.0,0.1,74.0,80.0,2406.0,True
46955,BatchInference,RegionC,RegionE,2337,2337,2340.5833333333335,0.0,8.0,215.0,0.1,70.0,80.0,2406.0,True
18282,AITraining,RegionD,RegionE,2336,2336,2340.4166666666665,0.0,16.0,265.0,0.16,22.0,150.0,2406.0,True
4014,AITraining,RegionB,RegionE,2335,2335,2340.0833333333335,0.0,34.0,305.0,0.16,74.0,150.0,2406.0,True
39396,AITraining,RegionA,RegionE,2336,2336,2340.0333333333333,0.0,54.0,242.0,0.16,78.0,150.0,2406.0,True
33171,AITraining,RegionA,RegionE,2339,2339,2340.0333333333333,0.0,96.0,62.0,0.16,78.0,150.0,2406.0,True
15869,BatchInference,RegionB,RegionE,2338,2338,2339.9166666666665,0.0,18.0,115.0,0.1,74.0,80.0,2406.0,True
11414,AITraining,RegionD,RegionE,2338,2338,2339.9,0.0,75.0,114.0,0.16,22.0,150.0,2406.0,True
3452,BatchInference,RegionB,RegionE,2335,2335,2339.8166666666666,0.0,16.0,289.0,0.1,74.0,80.0,2406.0,True
17564,AITraining,RegionF,RegionE,2334,2335,2340.45,1.0,59.0,327.0,0.16,18.0,150.0,2406.0,True
35687,BatchInference,RegionD,RegionD,2337,2337,2339.45,0.0,4.0,147.0,0.1,5.0,80.0,2406.0,False
32810,AITraining,RegionA,RegionE,2336,2336,2339.4166666666665,0.0,109.0,205.0,0.16,78.0,150.0,2406.0,True
47838,AITraining,RegionA,RegionF,2337,2337,2339.4166666666665,0.0,123.0,145.0,0.16,82.0,150.0,2406.0,True
27404,AITraining,RegionF,RegionF,2337,2337,2339.35,0.0,94.0,141.0,0.16,5.0,150.0,2406.0,False
19557,AITraining,RegionE,RegionE,2337,2337,2338.7833333333333,0.0,34.0,107.0,0.16,5.0,150.0,2406.0,False
33622,BatchInference,RegionE,RegionE,2336,2336,2338.7833333333333,0.0,7.0,167.0,0.1,5.0,80.0,2406.0,False
24927,BatchInference,RegionB,RegionE,2336,2336,2338.733333333333,0.0,21.0,164.0,0.1,74.0,80.0,2406.0,True
32694,BatchInference,RegionB,RegionE,2333,2333,2338.6,0.0,10.0,336.0,0.1,74.0,80.0,2406.0,True
12170,BatchInference,RegionC,RegionE,2338,2338,2338.5333333333333,0.0,14.0,32.0,0.1,70.0,80.0,2406.0,True
48583,AITraining,RegionE,RegionE,2336,2336,2338.483333333333,0.0,124.0,149.0,0.16,5.0,150.0,2406.0,False
13397,BatchInference,RegionC,RegionE,2333,2333,2338.4,0.0,6.0,324.0,0.1,70.0,80.0,2406.0,True
16882,AITraining,RegionF,RegionE,2332,2332,2338.366666666667,0.0,98.0,382.0,0.16,18.0,150.0,2406.0,True
40096,BatchInference,RegionE,RegionE,2332,2332,2338.3,0.0,16.0,378.0,0.1,5.0,80.0,2406.0,False
19510,AITraining,RegionD,RegionE,2338,2338,2338.266666666667,0.0,67.0,16.0,0.16,22.0,150.0,2406.0,True
27875,BatchInference,RegionD,RegionE,2334,2334,2338.2,0.0,8.0,252.0,0.1,22.0,80.0,2406.0,True
32760,AITraining,RegionD,RegionE,2336,2336,2338.05,0.0,34.0,123.0,0.16,22.0,150.0,2406.0,True
16898,AITraining,RegionD,RegionE,2336,2336,2338.0,0.0,73.0,120.0,0.16,22.0,150.0,2406.0,True
37499,BatchInference,RegionE,RegionE,2336,2336,2337.8333333333335,0.0,10.0,110.0,0.1,5.0,80.0,2406.0,False
13484,BatchInference,RegionE,RegionE,2335,2335,2337.8,0.0,13.0,168.0,0.1,5.0,80.0,2406.0,False
39919,AITraining,RegionF,RegionF,2337,2337,2337.733333333333,0.0,30.0,44.0,0.16,5.0,150.0,2406.0,False
49201,BatchInference,RegionE,RegionE,2333,2333,2337.65,0.0,20.0,279.0,0.1,5.0,80.0,2406.0,False
22423,AITraining,RegionE,RegionE,2334,2334,2337.616666666667,0.0,110.0,217.0,0.16,5.0,150.0,2406.0,False
3034,AITraining,RegionE,RegionE,2337,2337,2337.5833333333335,0.0,38.0,35.0,0.16,5.0,150.0,2406.0,False
39463,BatchInference,RegionB,RegionE,2336,2336,2337.4666666666667,0.0,21.0,88.0,0.1,74.0,80.0,2406.0,True
24277,AITraining,RegionD,RegionF,2332,2332,2337.4333333333334,0.0,34.0,326.0,0.16,25.0,150.0,2406.0,True
7505,BatchInference,RegionB,RegionE,2332,2332,2337.116666666667,0.0,10.0,307.0,0.1,74.0,80.0,2406.0,True
7956,AITraining,RegionA,RegionF,2335,2335,2336.9333333333334,0.0,105.0,116.0,0.16,82.0,150.0,2406.0,True
24337,BatchInference,RegionB,RegionE,2331,2331,2336.9,0.0,12.0,354.0,0.1,74.0,80.0,2406.0,True
384,BatchInference,RegionD,RegionF,2334,2334,2336.9,0.0,6.0,174.0,0.1,25.0,80.0,2406.0,True
16733,AITraining,RegionB,RegionF,2332,2335,2339.883333333333,3.0,106.0,293.0,0.16,79.0,150.0,2406.0,True
47899,BatchInference,RegionB,RegionF,2331,2331,2336.883333333333,0.0,5.0,353.0,0.1,79.0,80.0,2406.0,True
4371,BatchInference,RegionC,RegionF,2331,2331,2336.5666666666666,0.0,19.0,334.0,0.1,76.0,80.0,2406.0,True
26019,BatchInference,RegionD,RegionF,2332,2332,2336.5666666666666,0.0,22.0,274.0,0.1,25.0,80.0,2406.0,True
6005,BatchInference,RegionD,RegionD,2336,2336,2336.55,0.0,15.0,33.0,0.1,5.0,80.0,2406.0,False
13701,BatchInference,RegionE,RegionF,2334,2334,2336.4333333333334,0.0,19.0,146.0,0.1,18.0,80.0,2406.0,True
8132,BatchInference,RegionE,RegionD,2336,2336,2336.3166666666666,0.0,7.0,19.0,0.1,22.0,80.0,2406.0,True
14969,AITraining,RegionC,RegionF,2335,2335,2336.25,0.0,24.0,75.0,0.16,76.0,150.0,2406.0,True
38048,AITraining,RegionE,RegionF,2332,2336,2340.2,4.0,123.0,252.0,0.16,18.0,150.0,2406.0,True
21128,AITraining,RegionB,RegionE,2335,2338,2339.1666666666665,3.0,106.0,70.0,0.16,74.0,150.0,2406.0,True
40398,BatchInference,RegionE,RegionE,2335,2335,2336.116666666667,0.0,6.0,67.0,0.1,5.0,80.0,2406.0,False
38899,AITraining,RegionD,RegionE,2334,2334,2336.016666666667,0.0,112.0,121.0,0.16,22.0,150.0,2406.0,True
42163,BatchInference,RegionE,RegionE,2335,2335,2335.9666666666667,0.0,18.0,58.0,0.1,5.0,80.0,2406.0,False
41155,AITraining,RegionD,RegionE,2331,2331,2335.9166666666665,0.0,75.0,295.0,0.16,22.0,150.0,2406.0,True
3316,AITraining,RegionE,RegionE,2330,2330,2335.9,0.0,27.0,354.0,0.16,5.0,150.0,2406.0,False
2176,BatchInference,RegionE,RegionE,2332,2332,2335.8166666666666,0.0,9.0,229.0,0.1,5.0,80.0,2406.0,False
31366,AITraining,RegionF,RegionE,2333,2333,2335.7166666666667,0.0,64.0,163.0,0.16,18.0,150.0,2406.0,True
34852,AITraining,RegionD,RegionE,2335,2335,2335.6,0.0,50.0,36.0,0.16,22.0,150.0,2406.0,True
43228,AITraining,RegionD,RegionE,2329,2329,2335.3166666666666,0.0,97.0,379.0,0.16,22.0,150.0,2406.0,True
17674,AITraining,RegionE,RegionE,2333,2333,2335.266666666667,0.0,86.0,136.0,0.16,5.0,150.0,2406.0,False
43159,BatchInference,RegionD,RegionE,2329,2329,2335.1666666666665,0.0,9.0,370.0,0.1,22.0,80.0,2406.0,True
7541,BatchInference,RegionD,RegionF,2331,2331,2335.016666666667,0.0,6.0,241.0,0.1,25.0,80.0,2406.0,True
259,AITraining,RegionE,RegionE,2331,2331,2334.95,0.0,116.0,237.0,0.16,5.0,150.0,2406.0,False
35697,AITraining,RegionC,RegionF,2330,2335,2339.9333333333334,5.0,116.0,296.0,0.16,76.0,150.0,2406.0,True
18909,BatchInference,RegionE,RegionF,2334,2334,2334.866666666667,0.0,5.0,52.0,0.1,18.0,80.0,2406.0,True
29139,BatchInference,RegionB,RegionE,2330,2330,2334.65,0.0,14.0,279.0,0.1,74.0,80.0,2406.0,True
23916,AITraining,RegionC,RegionF,2332,2332,2334.5333333333333,0.0,76.0,152.0,0.16,76.0,150.0,2406.0,True
4416,AITraining,RegionD,RegionF,2328,2333,2339.45,5.0,86.0,387.0,0.16,25.0,150.0,2406.0,True
10554,AITraining,RegionB,RegionE,2328,2328,2334.4333333333334,0.0,44.0,386.0,0.16,74.0,150.0,2406.0,True
44810,BatchInference,RegionC,RegionF,2333,2333,2334.383333333333,0.0,10.0,83.0,0.1,76.0,80.0,2406.0,True
23791,AITraining,RegionB,RegionE,2328,2328,2334.2166666666667,0.0,70.0,373.0,0.16,74.0,150.0,2406.0,True
49995,AITraining,RegionF,RegionF,2328,2328,2334.2166666666667,0.0,67.0,373.0,0.16,5.0,150.0,2406.0,False
31225,BatchInference,RegionB,RegionE,2332,2332,2334.133333333333,0.0,22.0,128.0,0.1,74.0,80.0,2406.0,True
14166,BatchInference,RegionD,RegionF,2331,2331,2334.0833333333335,0.0,17.0,185.0,0.1,25.0,80.0,2406.0,True
43091,BatchInference,RegionB,RegionE,2329,2329,2334.0666666666666,0.0,9.0,304.0,0.1,74.0,80.0,2406.0,True
11749,BatchInference,RegionB,RegionE,2332,2332,2334.0,0.0,14.0,120.0,0.1,74.0,80.0,2406.0,True
42841,BatchInference,RegionB,RegionE,2329,2329,2333.9333333333334,0.0,11.0,296.0,0.1,74.0,80.0,2406.0,True
5048,AITraining,RegionE,RegionE,2329,2329,2333.9,0.0,29.0,294.0,0.16,5.0,150.0,2406.0,False
10040,BatchInference,RegionD,RegionF,2332,2332,2333.866666666667,0.0,12.0,112.0,0.1,25.0,80.0,2406.0,True
42710,AITraining,RegionD,RegionF,2330,2332,2335.85,2.0,110.0,231.0,0.16,25.0,150.0,2406.0,True
31579,AITraining,RegionD,RegionE,2328,2328,2333.7,0.0,49.0,342.0,0.16,22.0,150.0,2406.0,True
16655,AITraining,RegionD,RegionF,2328,2330,2335.5333333333333,2.0,127.0,332.0,0.16,25.0,150.0,2406.0,True
22017,BatchInference,RegionD,RegionE,2330,2330,2333.4666666666667,0.0,7.0,208.0,0.1,22.0,80.0,2406.0,True
46119,AITraining,RegionF,RegionE,2333,2333,2333.35,0.0,112.0,21.0,0.16,18.0,150.0,2406.0,True
32923,BatchInference,RegionB,RegionE,2328,2328,2333.266666666667,0.0,18.0,316.0,0.1,74.0,80.0,2406.0,True
2087,AITraining,RegionD,RegionF,2329,2329,2333.233333333333,0.0,31.0,254.0,0.16,25.0,150.0,2406.0,True
20761,AITraining,RegionC,RegionF,2330,2332,2335.1833333333334,2.0,107.0,191.0,0.16,76.0,150.0,2406.0,True
9861,AITraining,RegionD,RegionF,2329,2329,2333.116666666667,0.0,37.0,247.0,0.16,25.0,150.0,2406.0,True
48103,BatchInference,RegionC,RegionE,2330,2330,2333.016666666667,0.0,14.0,181.0,0.1,70.0,80.0,2406.0,True
35595,BatchInference,RegionD,RegionE,2328,2328,2333.0,0.0,13.0,300.0,0.1,22.0,80.0,2406.0,True
35576,BatchInference,RegionD,RegionD,2332,2332,2332.75,0.0,6.0,45.0,0.1,5.0,80.0,2406.0,False
34757,BatchInference,RegionE,RegionE,2328,2328,2332.7166666666667,0.0,7.0,283.0,0.1,5.0,80.0,2406.0,False
448,BatchInference,RegionC,RegionE,2329,2329,2332.6666666666665,0.0,22.0,220.0,0.1,70.0,80.0,2406.0,True
19453,BatchInference,RegionD,RegionE,2327,2327,2332.5833333333335,0.0,19.0,335.0,0.1,22.0,80.0,2406.0,True
39607,BatchInference,RegionB,RegionE,2326,2326,2332.516666666667,0.0,17.0,391.0,0.1,74.0,80.0,2406.0,True
43004,AITraining,RegionB,RegionE,2330,2330,2332.483333333333,0.0,79.0,149.0,0.16,74.0,150.0,2406.0,True
32177,AITraining,RegionE,RegionE,2327,2327,2332.4,0.0,50.0,324.0,0.16,5.0,150.0,2406.0,False
48516,AITraining,RegionD,RegionF,2326,2326,2332.3333333333335,0.0,76.0,380.0,0.16,25.0,150.0,2406.0,True
48104,AITraining,RegionE,RegionE,2330,2330,2332.266666666667,0.0,29.0,136.0,0.16,5.0,150.0,2406.0,False
22773,BatchInference,RegionE,RegionE,2329,2329,2332.233333333333,0.0,20.0,194.0,0.1,5.0,80.0,2406.0,False
36301,BatchInference,RegionB,RegionE,2326,2326,2332.1833333333334,0.0,5.0,371.0,0.1,74.0,80.0,2406.0,True
3923,AITraining,RegionD,RegionF,2326,2326,2331.983333333333,0.0,117.0,359.0,0.16,25.0,150.0,2406.0,True
7167,AITraining,RegionE,RegionE,2329,2329,2331.9166666666665,0.0,22.0,175.0,0.16,5.0,150.0,2406.0,False
29961,BatchInference,RegionD,RegionE,2327,2327,2331.9,0.0,10.0,294.0,0.1,22.0,80.0,2406.0,True
8608,AITraining,RegionD,RegionF,2326,2326,2331.8333333333335,0.0,75.0,350.0,0.16,25.0,150.0,2406.0,True
41936,AITraining,RegionD,RegionF,2328,2328,2331.733333333333,0.0,97.0,224.0,0.16,25.0,150.0,2406.0,True
46523,BatchInference,RegionD,RegionE,2329,2329,2331.633333333333,0.0,12.0,158.0,0.1,22.0,80.0,2406.0,True
6670,AITraining,RegionF,RegionF,2327,2327,2331.3333333333335,0.0,73.0,260.0,0.16,5.0,150.0,2406.0,False
470,AITraining,RegionF,RegionF,2331,2331,2331.266666666667,0.0,70.0,16.0,0.16,5.0,150.0,2406.0,False
32333,AITraining,RegionD,RegionE,2328,2328,2331.2166666666667,0.0,56.0,193.0,0.16,22.0,150.0,2406.0,True
10330,AITraining,RegionF,RegionF,2330,2330,2331.2,0.0,45.0,72.0,0.16,5.0,150.0,2406.0,False
26103,AITraining,RegionE,RegionF,2326,2326,2331.116666666667,0.0,114.0,307.0,0.16,18.0,150.0,2406.0,True
22201,BatchInference,RegionD,RegionE,2326,2326,2330.9333333333334,0.0,12.0,296.0,0.1,22.0,80.0,2406.0,True
12058,AITraining,RegionD,RegionE,2327,2327,2330.9166666666665,0.0,91.0,235.0,0.16,22.0,150.0,2406.0,True
38081,AITraining,RegionE,RegionF,2330,2330,2330.883333333333,0.0,71.0,53.0,0.16,18.0,150.0,2406.0,True
49528,BatchInference,RegionD,RegionE,2326,2326,2330.85,0.0,16.0,291.0,0.1,22.0,80.0,2406.0,True
42445,BatchInference,RegionE,RegionE,2330,2330,2330.8166666666666,0.0,18.0,49.0,0.1,5.0,80.0,2406.0,False
32440,BatchInference,RegionD,RegionE,2328,2328,2330.75,0.0,13.0,165.0,0.1,22.0,80.0,2406.0,True
31425,AITraining,RegionF,RegionD,2324,2337,2343.65,13.0,115.0,399.0,0.16,25.0,150.0,2406.0,True
10880,AITraining,RegionF,RegionD,2326,2338,2342.483333333333,12.0,111.0,269.0,0.16,25.0,150.0,2406.0,True
43604,AITraining,RegionE,RegionF,2327,2327,2330.266666666667,0.0,110.0,196.0,0.16,18.0,150.0,2406.0,True
18959,AITraining,RegionD,RegionD,2327,2338,2341.25,11.0,69.0,195.0,0.16,5.0,150.0,2406.0,False
17818,AITraining,RegionD,RegionE,2325,2325,2330.0833333333335,0.0,61.0,305.0,0.16,22.0,150.0,2406.0,True
1222,BatchInference,RegionC,RegionE,2325,2325,2329.95,0.0,15.0,297.0,0.1,70.0,80.0,2406.0,True
12750,BatchInference,RegionE,RegionE,2325,2325,2329.9166666666665,0.0,10.0,295.0,0.1,5.0,80.0,2406.0,False
37738,BatchInference,RegionB,RegionE,2325,2325,2329.483333333333,0.0,5.0,269.0,0.1,74.0,80.0,2406.0,True
32353,AITraining,RegionD,RegionE,2327,2327,2329.45,0.0,94.0,147.0,0.16,22.0,150.0,2406.0,True
9486,BatchInference,RegionB,RegionE,2326,2326,2329.266666666667,0.0,10.0,196.0,0.1,74.0,80.0,2406.0,True
28374,AITraining,RegionE,RegionF,2323,2323,2329.1666666666665,0.0,85.0,370.0,0.16,18.0,150.0,2406.0,True
44815,AITraining,RegionD,RegionF,2326,2326,2329.1666666666665,0.0,88.0,190.0,0.16,25.0,150.0,2406.0,True
35092,AITraining,RegionF,RegionE,2324,2324,2329.0666666666666,0.0,81.0,304.0,0.16,18.0,150.0,2406.0,True
19622,AITraining,RegionD,RegionE,2327,2327,2329.0333333333333,0.0,74.0,122.0,0.16,22.0,150.0,2406.0,True
17026,AITraining,RegionE,RegionD,2325,2338,2342.016666666667,13.0,92.0,241.0,0.16,22.0,150.0,2406.0,True
44813,BatchInference,RegionE,RegionF,2323,2323,2329.0,0.0,15.0,360.0,0.1,18.0,80.0,2406.0,True
8253,BatchInference,RegionB,RegionF,2324,2324,2328.866666666667,0.0,19.0,292.0,0.1,79.0,80.0,2406.0,True
11980,BatchInference,RegionC,RegionF,2323,2323,2328.866666666667,0.0,13.0,352.0,0.1,76.0,80.0,2406.0,True
30761,BatchInference,RegionD,RegionD,2327,2327,2328.866666666667,0.0,6.0,112.0,0.1,5.0,80.0,2406.0,False
31620,AITraining,RegionE,RegionF,2328,2329,2329.7833333333333,1.0,37.0,47.0,0.16,18.0,150.0,2406.0,True
21535,AITraining,RegionC,RegionF,2327,2331,2332.733333333333,4.0,42.0,104.0,0.16,76.0,150.0,2406.0,True
28630,AITraining,RegionF,RegionF,2326,2347,2349.55,21.0,60.0,153.0,0.16,5.0,150.0,2406.0,False
27059,BatchInference,RegionB,RegionE,2323,2323,2328.516666666667,0.0,4.0,331.0,0.1,74.0,80.0,2406.0,True
32229,BatchInference,RegionC,RegionF,2323,2323,2328.5,0.0,17.0,330.0,0.1,76.0,80.0,2406.0,True
32727,BatchInference,RegionB,RegionF,2323,2323,2328.483333333333,0.0,16.0,329.0,0.1,79.0,80.0,2406.0,True
18338,BatchInference,RegionE,RegionE,2326,2326,2328.383333333333,0.0,9.0,143.0,0.1,5.0,80.0,2406.0,False
33804,AITraining,RegionE,RegionD,2322,2337,2343.35,15.0,64.0,381.0,0.16,22.0,150.0,2406.0,True
23074,AITraining,RegionF,RegionF,2328,2329,2329.266666666667,1.0,120.0,16.0,0.16,5.0,150.0,2406.0,False
20001,BatchInference,RegionB,RegionE,2326,2326,2328.2166666666667,0.0,5.0,133.0,0.1,74.0,80.0,2406.0,True
17344,BatchInference,RegionB,RegionE,2324,2324,2328.116666666667,0.0,6.0,247.0,0.1,74.0,80.0,2406.0,True
9575,AITraining,RegionF,RegionE,2323,2323,2327.85,0.0,118.0,291.0,0.16,18.0,150.0,2406.0,True
18344,BatchInference,RegionD,RegionE,2325,2325,2327.75,0.0,12.0,165.0,0.1,22.0,80.0,2406.0,True
3428,BatchInference,RegionD,RegionE,2323,2323,2327.616666666667,0.0,9.0,277.0,0.1,22.0,80.0,2406.0,True
40381,AITraining,RegionD,RegionE,2322,2322,2327.366666666667,0.0,32.0,322.0,0.16,22.0,150.0,2406.0,True
18908,BatchInference,RegionD,RegionD,2327,2327,2327.366666666667,0.0,7.0,22.0,0.1,5.0,80.0,2406.0,False
49388,BatchInference,RegionB,RegionE,2324,2324,2327.2166666666667,0.0,16.0,193.0,0.1,74.0,80.0,2406.0,True
8889,AITraining,RegionD,RegionE,2324,2324,2327.1833333333334,0.0,112.0,191.0,0.16,22.0,150.0,2406.0,True
39143,AITraining,RegionD,RegionE,2322,2322,2327.116666666667,0.0,30.0,307.0,0.16,22.0,150.0,2406.0,True
1209,BatchInference,RegionC,RegionE,2326,2326,2327.0,0.0,17.0,60.0,0.1,70.0,80.0,2406.0,True
37905,BatchInference,RegionD,RegionE,2325,2325,2326.75,0.0,16.0,105.0,0.1,22.0,80.0,2406.0,True
36732,AITraining,RegionF,RegionE,2323,2323,2326.7,0.0,48.0,222.0,0.16,18.0,150.0,2406.0,True
31369,BatchInference,RegionB,RegionE,2323,2323,2326.5833333333335,0.0,7.0,215.0,0.1,74.0,80.0,2406.0,True
45269,BatchInference,RegionB,RegionE,2325,2325,2326.266666666667,0.0,7.0,76.0,0.1,74.0,80.0,2406.0,True
6981,AITraining,RegionD,RegionE,2320,2320,2326.116666666667,0.0,102.0,367.0,0.16,22.0,150.0,2406.0,True
10973,AITraining,RegionF,RegionE,2324,2324,2325.9,0.0,37.0,114.0,0.16,18.0,150.0,2406.0,True
30186,AITraining,RegionF,RegionE,2321,2321,2325.65,0.0,84.0,279.0,0.16,18.0,150.0,2406.0,True
14709,BatchInference,RegionC,RegionE,2319,2319,2325.616666666667,0.0,18.0,397.0,0.1,70.0,80.0,2406.0,True
15328,BatchInference,RegionE,RegionE,2323,2323,2325.5833333333335,0.0,11.0,155.0,0.1,5.0,80.0,2406.0,False
46859,AITraining,RegionF,RegionE,2319,2319,2325.516666666667,0.0,54.0,391.0,0.16,18.0,150.0,2406.0,True
49410,AITraining,RegionE,RegionE,2322,2322,2325.5,0.0,95.0,210.0,0.16,5.0,150.0,2406.0,False
18062,BatchInference,RegionD,RegionD,2325,2325,2325.5,0.0,8.0,30.0,0.1,5.0,80.0,2406.0,False
44419,AITraining,RegionF,RegionE,2321,2321,2325.2166666666667,0.0,76.0,253.0,0.16,18.0,150.0,2406.0,True
13590,AITraining,RegionF,RegionF,2320,2320,2325.1833333333334,0.0,17.0,311.0,0.16,5.0,150.0,2406.0,False
37280,BatchInference,RegionC,RegionF,2322,2322,2325.1666666666665,0.0,9.0,190.0,0.1,76.0,80.0,2406.0,True
32609,BatchInference,RegionB,RegionF,2322,2322,2324.883333333333,0.0,18.0,173.0,0.1,79.0,80.0,2406.0,True
1427,AITraining,RegionE,RegionF,2321,2321,2324.866666666667,0.0,89.0,232.0,0.16,18.0,150.0,2406.0,True
42567,AITraining,RegionD,RegionF,2320,2320,2324.85,0.0,72.0,291.0,0.16,25.0,150.0,2406.0,True
17749,AITraining,RegionF,RegionF,2319,2319,2324.75,0.0,60.0,345.0,0.16,5.0,150.0,2406.0,False
39888,AITraining,RegionA,RegionF,2320,2320,2324.7,0.0,63.0,282.0,0.16,82.0,150.0,2406.0,True
34142,AITraining,RegionB,RegionF,2321,2321,2324.3,0.0,54.0,198.0,0.16,79.0,150.0,2406.0,True
4867,AITraining,RegionB,RegionF,2318,2318,2324.266666666667,0.0,75.0,376.0,0.16,79.0,150.0,2406.0,True
25481,BatchInference,RegionD,RegionD,2323,2323,2323.866666666667,0.0,6.0,52.0,0.1,5.0,80.0,2406.0,False
35568,AITraining,RegionD,RegionE,2320,2320,2323.7833333333333,0.0,49.0,227.0,0.16,22.0,150.0,2406.0,True
12708,BatchInference,RegionC,RegionD,2323,2323,2323.65,0.0,10.0,39.0,0.1,58.0,80.0,2406.0,True
36784,AITraining,RegionF,RegionE,2317,2317,2323.633333333333,0.0,121.0,398.0,0.16,18.0,150.0,2406.0,True
43539,AITraining,RegionE,RegionE,2318,2318,2323.616666666667,0.0,79.0,337.0,0.16,5.0,150.0,2406.0,False
38397,AITraining,RegionE,RegionE,2319,2319,2323.5666666666666,0.0,86.0,274.0,0.16,5.0,150.0,2406.0,False
48537,BatchInference,RegionD,RegionD,2323,2323,2323.5333333333333,0.0,13.0,32.0,0.1,5.0,80.0,2406.0,False
17293,BatchInference,RegionC,RegionE,2318,2318,2323.5,0.0,16.0,330.0,0.1,70.0,80.0,2406.0,True
3176,AITraining,RegionD,RegionE,2322,2322,2323.45,0.0,68.0,87.0,0.16,22.0,150.0,2406.0,True
46645,AITraining,RegionD,RegionF,2319,2319,2323.3166666666666,0.0,111.0,259.0,0.16,25.0,150.0,2406.0,True
48047,AITraining,RegionF,RegionF,2317,2317,2323.3,0.0,90.0,378.0,0.16,5.0,150.0,2406.0,False
24241,BatchInference,RegionD,RegionD,2323,2323,2323.2833333333333,0.0,5.0,17.0,0.1,5.0,80.0,2406.0,False
10279,AITraining,RegionD,RegionF,2321,2321,2323.233333333333,0.0,124.0,134.0,0.16,25.0,150.0,2406.0,True
27519,AITraining,RegionD,RegionF,2317,2317,2323.2,0.0,62.0,372.0,0.16,25.0,150.0,2406.0,True
19819,BatchInference,RegionC,RegionE,2317,2317,2323.1666666666665,0.0,11.0,370.0,0.1,70.0,80.0,2406.0,True
21307,AITraining,RegionD,RegionF,2319,2323,2327.0833333333335,4.0,101.0,245.0,0.16,25.0,150.0,2406.0,True
33040,AITraining,RegionB,RegionF,2322,2322,2322.983333333333,0.0,54.0,59.0,0.16,79.0,150.0,2406.0,True
9133,BatchInference,RegionC,RegionF,2320,2320,2322.85,0.0,19.0,171.0,0.1,76.0,80.0,2406.0,True
36000,BatchInference,RegionB,RegionD,2322,2322,2322.7833333333333,0.0,23.0,47.0,0.1,60.0,80.0,2406.0,True
4775,AITraining,RegionB,RegionD,2317,2317,2322.7,0.0,28.0,342.0,0.16,60.0,150.0,2406.0,True
49218,BatchInference,RegionC,RegionE,2316,2316,2322.516666666667,0.0,17.0,391.0,0.1,70.0,80.0,2406.0,True
34644,AITraining,RegionE,RegionF,2318,2323,2327.4666666666667,5.0,54.0,268.0,0.16,18.0,150.0,2406.0,True
11721,AITraining,RegionF,RegionF,2316,2316,2322.25,0.0,24.0,375.0,0.16,5.0,150.0,2406.0,False
29574,AITraining,RegionE,RegionF,2320,2323,2325.15,3.0,55.0,129.0,0.16,18.0,150.0,2406.0,True
20462,AITraining,RegionE,RegionF,2320,2324,2326.1,4.0,108.0,126.0,0.16,18.0,150.0,2406.0,True
37711,AITraining,RegionD,RegionE,2321,2326,2327.1,5.0,123.0,66.0,0.16,22.0,150.0,2406.0,True
9084,AITraining,RegionF,RegionF,2319,2324,2327.0833333333335,5.0,117.0,185.0,0.16,5.0,150.0,2406.0,False
48505,BatchInference,RegionD,RegionE,2317,2317,2321.9,0.0,15.0,294.0,0.1,22.0,80.0,2406.0,True
38478,AITraining,RegionB,RegionE,2317,2317,2321.766666666667,0.0,70.0,286.0,0.16,74.0,150.0,2406.0,True
19466,BatchInference,RegionD,RegionE,2318,2318,2321.75,0.0,17.0,225.0,0.1,22.0,80.0,2406.0,True
8905,AITraining,RegionE,RegionE,2320,2320,2321.7,0.0,114.0,102.0,0.16,5.0,150.0,2406.0,False
42136,BatchInference,RegionE,RegionE,2316,2316,2321.516666666667,0.0,14.0,331.0,0.1,5.0,80.0,2406.0,False
9495,AITraining,RegionE,RegionE,2315,2315,2321.4,0.0,44.0,384.0,0.16,5.0,150.0,2406.0,False
6987,BatchInference,RegionB,RegionE,2315,2315,2321.4,0.0,7.0,384.0,0.1,74.0,80.0,2406.0,True
42164,AITraining,RegionA,RegionE,2319,2319,2321.15,0.0,25.0,129.0,0.16,78.0,150.0,2406.0,True
20477,AITraining,RegionF,RegionE,2315,2315,2321.0333333333333,0.0,87.0,362.0,0.16,18.0,150.0,2406.0,True
33180,BatchInference,RegionC,RegionE,2315,2315,2320.983333333333,0.0,6.0,359.0,0.1,70.0,80.0,2406.0,True
27968,BatchInference,RegionE,RegionF,2319,2319,2320.8333333333335,0.0,18.0,110.0,0.1,18.0,80.0,2406.0,True
29183,AITraining,RegionB,RegionF,2317,2317,2320.6666666666665,0.0,127.0,220.0,0.16,79.0,150.0,2406.0,True
30055,AITraining,RegionA,RegionF,2318,2318,2320.6666666666665,0.0,42.0,160.0,0.16,82.0,150.0,2406.0,True
32720,AITraining,RegionD,RegionF,2315,2315,2320.5666666666666,0.0,34.0,334.0,0.16,25.0,150.0,2406.0,True
13609,BatchInference,RegionE,RegionF,2316,2316,2320.5,0.0,19.0,270.0,0.1,18.0,80.0,2406.0,True
38565,BatchInference,RegionB,RegionF,2315,2315,2320.3,0.0,19.0,318.0,0.1,79.0,80.0,2406.0,True
11717,BatchInference,RegionB,RegionF,2314,2314,2320.3,0.0,12.0,378.0,0.1,79.0,80.0,2406.0,True
21898,AITraining,RegionD,RegionF,2314,2314,2320.2,0.0,51.0,372.0,0.16,25.0,150.0,2406.0,True
12638,BatchInference,RegionE,RegionF,2319,2319,2320.116666666667,0.0,15.0,67.0,0.1,18.0,80.0,2406.0,True
39135,AITraining,RegionD,RegionE,2319,2319,2319.9666666666667,0.0,21.0,58.0,0.16,22.0,150.0,2406.0,True
32173,AITraining,RegionF,RegionE,2319,2319,2319.9,0.0,68.0,54.0,0.16,18.0,150.0,2406.0,True
10981,AITraining,RegionD,RegionE,2317,2317,2319.7,0.0,121.0,162.0,0.16,22.0,150.0,2406.0,True
43574,AITraining,RegionF,RegionE,2313,2313,2319.5,0.0,77.0,390.0,0.16,18.0,150.0,2406.0,True
47203,AITraining,RegionD,RegionE,2319,2319,2319.5,0.0,61.0,30.0,0.16,22.0,150.0,2406.0,True
27888,AITraining,RegionE,RegionE,2314,2314,2319.45,0.0,44.0,327.0,0.16,5.0,150.0,2406.0,False
2288,AITraining,RegionF,RegionF,2314,2314,2319.3,0.0,34.0,318.0,0.16,5.0,150.0,2406.0,False
47686,BatchInference,RegionE,RegionE,2313,2313,2319.266666666667,0.0,13.0,376.0,0.1,5.0,80.0,2406.0,False
42618,AITraining,RegionD,RegionF,2314,2314,2319.25,0.0,86.0,315.0,0.16,25.0,150.0,2406.0,True
38532,AITraining,RegionD,RegionF,2314,2314,2319.2,0.0,113.0,312.0,0.16,25.0,150.0,2406.0,True
40580,BatchInference,RegionC,RegionE,2316,2316,2319.1666666666665,0.0,14.0,190.0,0.1,70.0,80.0,2406.0,True
25200,BatchInference,RegionE,RegionE,2318,2318,2319.133333333333,0.0,21.0,68.0,0.1,5.0,80.0,2406.0,False
40079,AITraining,RegionD,RegionF,2314,2314,2319.0333333333333,0.0,100.0,302.0,0.16,25.0,150.0,2406.0,True
8453,BatchInference,RegionE,RegionE,2315,2315,2319.0333333333333,0.0,8.0,242.0,0.1,5.0,80.0,2406.0,False
11595,AITraining,RegionF,RegionF,2318,2319,2320.016666666667,1.0,88.0,61.0,0.16,5.0,150.0,2406.0,False
47320,AITraining,RegionB,RegionE,2314,2314,2319.016666666667,0.0,17.0,301.0,0.16,74.0,150.0,2406.0,True
8742,BatchInference,RegionE,RegionE,2314,2314,2318.7,0.0,17.0,282.0,0.1,5.0,80.0,2406.0,False
17270,AITraining,RegionF,RegionE,2314,2314,2318.65,0.0,113.0,279.0,0.16,18.0,150.0,2406.0,True
37452,BatchInference,RegionD,RegionD,2318,2318,2318.55,0.0,13.0,33.0,0.1,5.0,80.0,2406.0,False
48375,AITraining,RegionF,RegionF,2318,2320,2320.5,2.0,114.0,30.0,0.16,5.0,150.0,2406.0,False
4776,AITraining,RegionD,RegionE,2314,2314,2318.483333333333,0.0,16.0,269.0,0.16,22.0,150.0,2406.0,True
35559,AITraining,RegionB,RegionF,2317,2317,2318.483333333333,0.0,34.0,89.0,0.16,79.0,150.0,2406.0,True
33917,BatchInference,RegionE,RegionE,2313,2313,2318.4666666666667,0.0,13.0,328.0,0.1,5.0,80.0,2406.0,False
42675,AITraining,RegionF,RegionF,2314,2314,2318.4166666666665,0.0,18.0,265.0,0.16,5.0,150.0,2406.0,False
23806,BatchInference,RegionB,RegionE,2312,2312,2318.383333333333,0.0,5.0,383.0,0.1,74.0,80.0,2406.0,True
38367,AITraining,RegionD,RegionD,2315,2315,2318.3333333333335,0.0,113.0,200.0,0.16,5.0,150.0,2406.0,False
12088,AITraining,RegionF,RegionF,2312,2312,2318.2,0.0,120.0,372.0,0.16,5.0,150.0,2406.0,False
8522,BatchInference,RegionB,RegionE,2316,2316,2317.983333333333,0.0,9.0,119.0,0.1,74.0,80.0,2406.0,True
33738,BatchInference,RegionC,RegionE,2313,2313,2317.9166666666665,0.0,15.0,295.0,0.1,70.0,80.0,2406.0,True
7895,AITraining,RegionE,RegionE,2316,2316,2317.9166666666665,0.0,23.0,115.0,0.16,5.0,150.0,2406.0,False
1958,AITraining,RegionE,RegionD,2316,2316,2317.866666666667,0.0,109.0,112.0,0.16,22.0,150.0,2406.0,True
46334,BatchInference,RegionD,RegionE,2315,2315,2317.8333333333335,0.0,22.0,170.0,0.1,22.0,80.0,2406.0,True
11159,BatchInference,RegionB,RegionB,2317,2317,2317.6666666666665,0.0,4.0,40.0,0.1,5.0,80.0,2406.0,False
20053,AITraining,RegionD,RegionF,2317,2320,2320.65,3.0,80.0,39.0,0.16,25.0,150.0,2406.0,True
11258,BatchInference,RegionC,RegionE,2316,2316,2317.65,0.0,13.0,99.0,0.1,70.0,80.0,2406.0,True
12351,AITraining,RegionA,RegionE,2312,2312,2317.4166666666665,0.0,26.0,325.0,0.16,78.0,150.0,2406.0,True
33291,BatchInference,RegionB,RegionE,2314,2314,2317.2,0.0,12.0,192.0,0.1,74.0,80.0,2406.0,True
30704,AITraining,RegionF,RegionD,2314,2315,2318.1666666666665,1.0,127.0,190.0,0.16,25.0,150.0,2406.0,True
34967,AITraining,RegionF,RegionE,2312,2312,2316.983333333333,0.0,92.0,299.0,0.16,18.0,150.0,2406.0,True
15999,AITraining,RegionD,RegionE,2315,2315,2316.9666666666667,0.0,28.0,118.0,0.16,22.0,150.0,2406.0,True
22080,AITraining,RegionD,RegionE,2314,2314,2316.95,0.0,76.0,177.0,0.16,22.0,150.0,2406.0,True
17246,AITraining,RegionD,RegionE,2315,2315,2316.9166666666665,0.0,121.0,115.0,0.16,22.0,150.0,2406.0,True
12150,AITraining,RegionD,RegionF,2316,2316,2316.883333333333,0.0,97.0,53.0,0.16,25.0,150.0,2406.0,True
47208,AITraining,RegionF,RegionF,2311,2311,2316.8166666666666,0.0,76.0,349.0,0.16,5.0,150.0,2406.0,False
25697,BatchInference,RegionD,RegionE,2315,2315,2316.7166666666667,0.0,19.0,103.0,0.1,22.0,80.0,2406.0,True
47936,AITraining,RegionF,RegionF,2315,2315,2316.65,0.0,101.0,99.0,0.16,5.0,150.0,2406.0,False
13470,BatchInference,RegionD,RegionF,2312,2312,2316.633333333333,0.0,5.0,278.0,0.1,25.0,80.0,2406.0,True
11443,BatchInference,RegionD,RegionE,2311,2311,2316.5833333333335,0.0,4.0,335.0,0.1,22.0,80.0,2406.0,True
32094,AITraining,RegionF,RegionF,2314,2314,2316.55,0.0,101.0,153.0,0.16,5.0,150.0,2406.0,False
25347,BatchInference,RegionB,RegionF,2311,2311,2316.55,0.0,14.0,333.0,0.1,79.0,80.0,2406.0,True
36106,BatchInference,RegionC,RegionF,2312,2312,2316.4,0.0,22.0,264.0,0.1,76.0,80.0,2406.0,True
26390,AITraining,RegionD,RegionD,2312,2314,2318.233333333333,2.0,102.0,254.0,0.16,5.0,150.0,2406.0,False
9863,BatchInference,RegionD,RegionF,2315,2315,2316.116666666667,0.0,22.0,67.0,0.1,25.0,80.0,2406.0,True
31633,AITraining,RegionE,RegionE,2315,2315,2315.883333333333,0.0,45.0,53.0,0.16,5.0,150.0,2406.0,False
36453,BatchInference,RegionB,RegionE,2314,2314,2315.8333333333335,0.0,5.0,110.0,0.1,74.0,80.0,2406.0,True
38909,AITraining,RegionF,RegionE,2309,2309,2315.366666666667,0.0,111.0,382.0,0.16,18.0,150.0,2406.0,True
37910,AITraining,RegionE,RegionE,2315,2315,2315.2166666666667,0.0,16.0,13.0,0.16,5.0,150.0,2406.0,False
2851,AITraining,RegionF,RegionE,2310,2310,2314.9666666666667,0.0,64.0,298.0,0.16,18.0,150.0,2406.0,True
46775,AITraining,RegionF,RegionE,2309,2309,2314.8333333333335,0.0,86.0,350.0,0.16,18.0,150.0,2406.0,True
34204,AITraining,RegionE,RegionE,2311,2311,2314.7833333333333,0.0,89.0,227.0,0.16,5.0,150.0,2406.0,False
15258,AITraining,RegionD,RegionE,2312,2312,2314.7833333333333,0.0,50.0,167.0,0.16,22.0,150.0,2406.0,True
26102,BatchInference,RegionB,RegionE,2309,2309,2314.7166666666667,0.0,23.0,343.0,0.1,74.0,80.0,2406.0,True
35942,AITraining,RegionD,RegionF,2313,2313,2314.6833333333334,0.0,102.0,101.0,0.16,25.0,150.0,2406.0,True
46075,AITraining,RegionD,RegionF,2314,2314,2314.45,0.0,127.0,27.0,0.16,25.0,150.0,2406.0,True
48990,BatchInference,RegionD,RegionE,2311,2311,2314.2,0.0,13.0,192.0,0.1,22.0,80.0,2406.0,True
39419,AITraining,RegionE,RegionE,2308,2308,2314.15,0.0,118.0,369.0,0.16,5.0,150.0,2406.0,False
813,AITraining,RegionB,RegionF,2312,2312,2314.133333333333,0.0,113.0,128.0,0.16,79.0,150.0,2406.0,True
16913,BatchInference,RegionC,RegionE,2308,2308,2314.1,0.0,23.0,366.0,0.1,70.0,80.0,2406.0,True
17928,BatchInference,RegionB,RegionE,2312,2312,2314.016666666667,0.0,6.0,121.0,0.1,74.0,80.0,2406.0,True
15481,AITraining,RegionD,RegionE,2311,2311,2313.9666666666667,0.0,27.0,178.0,0.16,22.0,150.0,2406.0,True
29249,AITraining,RegionC,RegionF,2310,2310,2313.9166666666665,0.0,47.0,235.0,0.16,76.0,150.0,2406.0,True
7472,BatchInference,RegionB,RegionE,2308,2308,2313.9166666666665,0.0,7.0,355.0,0.1,74.0,80.0,2406.0,True
28244,AITraining,RegionF,RegionF,2309,2309,2313.7833333333333,0.0,125.0,287.0,0.16,5.0,150.0,2406.0,False
26853,AITraining,RegionF,RegionE,2313,2313,2313.733333333333,0.0,99.0,44.0,0.16,18.0,150.0,2406.0,True
1431,AITraining,RegionD,RegionF,2308,2308,2313.7,0.0,127.0,342.0,0.16,25.0,150.0,2406.0,True
12826,BatchInference,RegionC,RegionF,2312,2312,2313.65,0.0,12.0,99.0,0.1,76.0,80.0,2406.0,True
14559,BatchInference,RegionD,RegionF,2312,2312,2313.5833333333335,0.0,15.0,95.0,0.1,25.0,80.0,2406.0,True
13780,AITraining,RegionF,RegionF,2310,2311,2314.4666666666667,1.0,76.0,208.0,0.16,5.0,150.0,2406.0,False
10596,BatchInference,RegionC,RegionF,2307,2307,2313.3333333333335,0.0,21.0,380.0,0.1,76.0,80.0,2406.0,True
811,BatchInference,RegionE,RegionF,2309,2309,2313.1833333333334,0.0,13.0,251.0,0.1,18.0,80.0,2406.0,True
8051,AITraining,RegionD,RegionF,2307,2307,2313.1666666666665,0.0,24.0,370.0,0.16,25.0,150.0,2406.0,True
49109,BatchInference,RegionE,RegionE,2310,2310,2313.016666666667,0.0,11.0,181.0,0.1,5.0,80.0,2406.0,False
48938,BatchInference,RegionD,RegionE,2309,2309,2312.9666666666667,0.0,18.0,238.0,0.1,22.0,80.0,2406.0,True
8255,BatchInference,RegionD,RegionF,2307,2307,2312.883333333333,0.0,17.0,353.0,0.1,25.0,80.0,2406.0,True
39386,AITraining,RegionE,RegionF,2307,2308,2313.8166666666666,1.0,39.0,349.0,0.16,18.0,150.0,2406.0,True
35501,BatchInference,RegionB,RegionD,2312,2312,2312.7166666666667,0.0,9.0,43.0,0.1,60.0,80.0,2406.0,True
39300,AITraining,RegionD,RegionF,2306,2306,2312.5666666666666,0.0,121.0,394.0,0.16,25.0,150.0,2406.0,True
35311,AITraining,RegionD,RegionF,2308,2308,2312.15,0.0,56.0,249.0,0.16,25.0,150.0,2406.0,True
49591,AITraining,RegionD,RegionE,2307,2307,2312.016666666667,0.0,75.0,301.0,0.16,22.0,150.0,2406.0,True
9654,BatchInference,RegionE,RegionE,2306,2306,2312.0,0.0,5.0,360.0,0.1,5.0,80.0,2406.0,False
17772,AITraining,RegionD,RegionE,2309,2309,2311.983333333333,0.0,36.0,179.0,0.16,22.0,150.0,2406.0,True
24183,AITraining,RegionF,RegionE,2308,2308,2311.95,0.0,33.0,237.0,0.16,18.0,150.0,2406.0,True
38693,AITraining,RegionF,RegionE,2309,2309,2311.866666666667,0.0,38.0,172.0,0.16,18.0,150.0,2406.0,True
22341,AITraining,RegionA,RegionF,2310,2310,2311.866666666667,0.0,48.0,112.0,0.16,82.0,150.0,2406.0,True
38420,AITraining,RegionD,RegionF,2306,2306,2311.8333333333335,0.0,42.0,350.0,0.16,25.0,150.0,2406.0,True
174,BatchInference,RegionD,RegionE,2306,2306,2311.8333333333335,0.0,19.0,350.0,0.1,22.0,80.0,2406.0,True
29267,BatchInference,RegionE,RegionF,2308,2308,2311.8166666666666,0.0,12.0,229.0,0.1,18.0,80.0,2406.0,True
46471,BatchInference,RegionD,RegionF,2307,2307,2311.75,0.0,13.0,285.0,0.1,25.0,80.0,2406.0,True
37268,AITraining,RegionE,RegionF,2310,2310,2311.6833333333334,0.0,28.0,101.0,0.16,18.0,150.0,2406.0,True
332,AITraining,RegionE,RegionE,2311,2311,2311.616666666667,0.0,104.0,37.0,0.16,5.0,150.0,2406.0,False
30919,BatchInference,RegionD,RegionE,2307,2307,2311.5,0.0,6.0,270.0,0.1,22.0,80.0,2406.0,True
2601,BatchInference,RegionD,RegionF,2308,2308,2311.4333333333334,0.0,7.0,206.0,0.1,25.0,80.0,2406.0,True
26333,BatchInference,RegionD,RegionF,2306,2306,2311.4,0.0,4.0,324.0,0.1,25.0,80.0,2406.0,True
7590,BatchInference,RegionB,RegionF,2307,2307,2311.383333333333,0.0,10.0,263.0,0.1,79.0,80.0,2406.0,True
28095,BatchInference,RegionB,RegionF,2309,2309,2311.3166666666666,0.0,15.0,139.0,0.1,79.0,80.0,2406.0,True
37791,AITraining,RegionD,RegionF,2307,2307,2311.25,0.0,30.0,255.0,0.16,25.0,150.0,2406.0,True
1921,AITraining,RegionF,RegionF,2308,2308,2311.2166666666667,0.0,126.0,193.0,0.16,5.0,150.0,2406.0,False
16363,BatchInference,RegionD,RegionF,2305,2305,2311.133333333333,0.0,19.0,368.0,0.1,25.0,80.0,2406.0,True
26201,AITraining,RegionD,RegionD,2306,2313,2317.85,7.0,40.0,291.0,0.16,5.0,150.0,2406.0,False
12629,BatchInference,RegionC,RegionF,2306,2306,2310.85,0.0,7.0,291.0,0.1,76.0,80.0,2406.0,True
20355,AITraining,RegionD,RegionF,2308,2348,2350.8333333333335,40.0,125.0,170.0,0.16,25.0,150.0,2406.0,True
22805,BatchInference,RegionD,RegionF,2307,2307,2310.766666666667,0.0,8.0,226.0,0.1,25.0,80.0,2406.0,True
49129,BatchInference,RegionE,RegionD,2310,2310,2310.6,0.0,13.0,36.0,0.1,22.0,80.0,2406.0,True
22219,BatchInference,RegionC,RegionD,2310,2310,2310.6,0.0,9.0,36.0,0.1,58.0,80.0,2406.0,True
25688,AITraining,RegionD,RegionF,2308,2319,2321.5666666666666,11.0,39.0,154.0,0.16,25.0,150.0,2406.0,True
37703,AITraining,RegionF,RegionD,2307,2315,2318.55,8.0,107.0,213.0,0.16,25.0,150.0,2406.0,True
6495,BatchInference,RegionB,RegionF,2306,2306,2310.5333333333333,0.0,4.0,272.0,0.1,79.0,80.0,2406.0,True
3518,AITraining,RegionD,RegionD,2308,2315,2317.4666666666667,7.0,122.0,148.0,0.16,5.0,150.0,2406.0,False
19715,BatchInference,RegionD,RegionD,2309,2309,2310.35,0.0,8.0,81.0,0.1,5.0,80.0,2406.0,False
32740,AITraining,RegionD,RegionD,2308,2308,2310.2833333333333,0.0,32.0,137.0,0.16,5.0,150.0,2406.0,False
40969,BatchInference,RegionE,RegionF,2308,2308,2310.15,0.0,17.0,129.0,0.1,18.0,80.0,2406.0,True
46685,AITraining,RegionD,RegionF,2308,2308,2310.0333333333333,0.0,32.0,122.0,0.16,25.0,150.0,2406.0,True
7049,BatchInference,RegionD,RegionE,2308,2308,2309.85,0.0,22.0,111.0,0.1,22.0,80.0,2406.0,True
45779,AITraining,RegionC,RegionE,2304,2304,2309.8333333333335,0.0,61.0,350.0,0.16,70.0,150.0,2406.0,True
21441,BatchInference,RegionE,RegionE,2308,2308,2309.6833333333334,0.0,18.0,101.0,0.1,5.0,80.0,2406.0,False
18446,BatchInference,RegionB,RegionE,2305,2305,2309.65,0.0,9.0,279.0,0.1,74.0,80.0,2406.0,True
19596,AITraining,RegionE,RegionE,2306,2306,2309.616666666667,0.0,111.0,217.0,0.16,5.0,150.0,2406.0,False
8766,AITraining,RegionE,RegionE,2305,2305,2309.4666666666667,0.0,127.0,268.0,0.16,5.0,150.0,2406.0,False
41573,AITraining,RegionF,RegionE,2307,2307,2309.4,0.0,52.0,144.0,0.16,18.0,150.0,2406.0,True
11694,BatchInference,RegionE,RegionE,2306,2306,2309.3166666666666,0.0,6.0,199.0,0.1,5.0,80.0,2406.0,False
27368,BatchInference,RegionB,RegionE,2306,2306,2309.25,0.0,17.0,195.0,0.1,74.0,80.0,2406.0,True
7181,BatchInference,RegionE,RegionD,2309,2309,2309.2166666666667,0.0,16.0,13.0,0.1,22.0,80.0,2406.0,True
22922,AITraining,RegionE,RegionE,2308,2308,2309.1833333333334,0.0,101.0,71.0,0.16,5.0,150.0,2406.0,False
39115,BatchInference,RegionB,RegionB,2308,2308,2309.1666666666665,0.0,4.0,70.0,0.1,5.0,80.0,2406.0,False
17726,AITraining,RegionD,RegionE,2308,2308,2309.116666666667,0.0,46.0,67.0,0.16,22.0,150.0,2406.0,True
8085,AITraining,RegionE,RegionF,2306,2306,2309.0333333333333,0.0,110.0,182.0,0.16,18.0,150.0,2406.0,True
2713,BatchInference,RegionD,RegionE,2306,2306,2308.6666666666665,0.0,23.0,160.0,0.1,22.0,80.0,2406.0,True
11435,AITraining,RegionD,RegionE,2308,2308,2308.633333333333,0.0,20.0,38.0,0.16,22.0,150.0,2406.0,True
4352,BatchInference,RegionD,RegionE,2307,2307,2308.483333333333,0.0,19.0,89.0,0.1,22.0,80.0,2406.0,True
13221,BatchInference,RegionD,RegionE,2306,2306,2308.3333333333335,0.0,9.0,140.0,0.1,22.0,80.0,2406.0,True
42092,AITraining,RegionA,RegionF,2306,2306,2308.2,0.0,68.0,132.0,0.16,82.0,150.0,2406.0,True
31653,AITraining,RegionE,RegionD,2306,2314,2316.1666666666665,8.0,111.0,130.0,0.16,22.0,150.0,2406.0,True
19967,AITraining,RegionB,RegionE,2303,2303,2307.9666666666667,0.0,40.0,298.0,0.16,74.0,150.0,2406.0,True
45793,AITraining,RegionD,RegionE,2303,2303,2307.9666666666667,0.0,20.0,298.0,0.16,22.0,150.0,2406.0,True
28010,BatchInference,RegionB,RegionE,2302,2302,2307.9,0.0,5.0,354.0,0.1,74.0,80.0,2406.0,True
30733,AITraining,RegionD,RegionE,2304,2304,2307.883333333333,0.0,77.0,233.0,0.16,22.0,150.0,2406.0,True
34819,BatchInference,RegionB,RegionD,2307,2307,2307.766666666667,0.0,8.0,46.0,0.1,60.0,80.0,2406.0,True
1132,AITraining,RegionE,RegionE,2305,2305,2307.7166666666667,0.0,55.0,163.0,0.16,5.0,150.0,2406.0,False
37950,BatchInference,RegionD,RegionE,2304,2304,2307.7,0.0,20.0,222.0,0.1,22.0,80.0,2406.0,True
23938,BatchInference,RegionC,RegionE,2304,2304,2307.7,0.0,18.0,222.0,0.1,70.0,80.0,2406.0,True
32178,BatchInference,RegionD,RegionE,2301,2301,2307.65,0.0,5.0,399.0,0.1,22.0,80.0,2406.0,True
35691,BatchInference,RegionB,RegionE,2305,2305,2307.5333333333333,0.0,12.0,152.0,0.1,74.0,80.0,2406.0,True
48980,AITraining,RegionC,RegionE,2302,2302,2307.516666666667,0.0,123.0,331.0,0.16,70.0,150.0,2406.0,True
25575,AITraining,RegionA,RegionE,2307,2307,2307.4333333333334,0.0,111.0,26.0,0.16,78.0,150.0,2406.0,True
5337,AITraining,RegionE,RegionE,2301,2301,2306.95,0.0,36.0,357.0,0.16,5.0,150.0,2406.0,False
5199,BatchInference,RegionD,RegionE,2302,2302,2306.9333333333334,0.0,5.0,296.0,0.1,22.0,80.0,2406.0,True
13536,AITraining,RegionE,RegionE,2302,2302,2306.633333333333,0.0,36.0,278.0,0.16,5.0,150.0,2406.0,False
20689,AITraining,RegionD,RegionF,2305,2305,2306.6,0.0,120.0,96.0,0.16,25.0,150.0,2406.0,True
22077,AITraining,RegionF,RegionE,2301,2301,2306.383333333333,0.0,50.0,323.0,0.16,18.0,150.0,2406.0,True
17620,AITraining,RegionD,RegionE,2303,2303,2306.3333333333335,0.0,51.0,200.0,0.16,22.0,150.0,2406.0,True
30388,AITraining,RegionF,RegionE,2301,2301,2306.266666666667,0.0,48.0,316.0,0.16,18.0,150.0,2406.0,True
34039,BatchInference,RegionB,RegionF,2304,2304,2306.25,0.0,4.0,135.0,0.1,79.0,80.0,2406.0,True
19475,AITraining,RegionB,RegionE,2305,2305,2306.2166666666667,0.0,35.0,73.0,0.16,74.0,150.0,2406.0,True
49870,AITraining,RegionF,RegionF,2300,2300,2306.15,0.0,101.0,369.0,0.16,5.0,150.0,2406.0,False
40947,AITraining,RegionD,RegionF,2305,2305,2306.116666666667,0.0,68.0,67.0,0.16,25.0,150.0,2406.0,True
32017,AITraining,RegionC,RegionE,2300,2300,2306.05,0.0,73.0,363.0,0.16,70.0,150.0,2406.0,True
24225,AITraining,RegionD,RegionF,2305,2305,2305.883333333333,0.0,77.0,53.0,0.16,25.0,150.0,2406.0,True
27525,AITraining,RegionD,RegionF,2303,2303,2305.85,0.0,44.0,171.0,0.16,25.0,150.0,2406.0,True
41574,AITraining,RegionB,RegionF,2305,2305,2305.8,0.0,121.0,48.0,0.16,79.0,150.0,2406.0,True
4103,BatchInference,RegionD,RegionF,2302,2302,2305.6,0.0,16.0,216.0,0.1,25.0,80.0,2406.0,True
2790,BatchInference,RegionC,RegionF,2302,2302,2305.5833333333335,0.0,5.0,215.0,0.1,76.0,80.0,2406.0,True
14892,AITraining,RegionD,RegionF,2301,2301,2305.366666666667,0.0,45.0,262.0,0.16,25.0,150.0,2406.0,True
31278,AITraining,RegionD,RegionE,2304,2304,2305.116666666667,0.0,59.0,67.0,0.16,22.0,150.0,2406.0,True
38905,AITraining,RegionD,RegionE,2303,2303,2304.95,0.0,106.0,117.0,0.16,22.0,150.0,2406.0,True
32144,AITraining,RegionD,RegionE,2304,2304,2304.883333333333,0.0,56.0,53.0,0.16,22.0,150.0,2406.0,True
25026,BatchInference,RegionB,RegionE,2301,2301,2304.6833333333334,0.0,16.0,221.0,0.1,74.0,80.0,2406.0,True
41746,BatchInference,RegionB,RegionE,2300,2300,2304.5833333333335,0.0,20.0,275.0,0.1,74.0,80.0,2406.0,True
9070,AITraining,RegionF,RegionF,2300,2300,2304.5666666666666,0.0,111.0,274.0,0.16,5.0,150.0,2406.0,False
25762,BatchInference,RegionC,RegionE,2300,2300,2304.383333333333,0.0,10.0,263.0,0.1,70.0,80.0,2406.0,True
1006,BatchInference,RegionC,RegionE,2300,2300,2304.3333333333335,0.0,23.0,260.0,0.1,70.0,80.0,2406.0,True
20234,AITraining,RegionF,RegionF,2301,2301,2304.3166666666666,0.0,83.0,199.0,0.16,5.0,150.0,2406.0,False
36873,BatchInference,RegionC,RegionF,2302,2302,2304.0333333333333,0.0,4.0,122.0,0.1,76.0,80.0,2406.0,True
48363,AITraining,RegionB,RegionE,2301,2301,2303.6833333333334,0.0,48.0,161.0,0.16,74.0,150.0,2406.0,True
2318,AITraining,RegionE,RegionE,2303,2303,2303.616666666667,0.0,107.0,37.0,0.16,5.0,150.0,2406.0,False
29168,AITraining,RegionF,RegionE,2300,2300,2303.6,0.0,126.0,216.0,0.16,18.0,150.0,2406.0,True
47161,AITraining,RegionF,RegionE,2302,2302,2303.4666666666667,0.0,42.0,88.0,0.16,18.0,150.0,2406.0,True
32045,BatchInference,RegionB,RegionB,2303,2303,2303.3166666666666,0.0,11.0,19.0,0.1,5.0,80.0,2406.0,False
20509,BatchInference,RegionD,RegionF,2300,2300,2303.0333333333333,0.0,7.0,182.0,0.1,25.0,80.0,2406.0,True
48641,AITraining,RegionD,RegionE,2301,2301,2302.6,0.0,42.0,96.0,0.16,22.0,150.0,2406.0,True
30701,AITraining,RegionD,RegionE,2301,2301,2302.383333333333,0.0,119.0,83.0,0.16,22.0,150.0,2406.0,True
25946,BatchInference,RegionD,RegionD,2302,2302,2302.3333333333335,0.0,18.0,20.0,0.1,5.0,80.0,2406.0,False
2390,AITraining,RegionD,RegionE,2301,2301,2302.05,0.0,63.0,63.0,0.16,22.0,150.0,2406.0,True
9881,BatchInference,RegionC,RegionE,2300,2300,2301.9333333333334,0.0,10.0,116.0,0.1,70.0,80.0,2406.0,True
11615,AITraining,RegionF,RegionE,2300,2300,2301.116666666667,0.0,114.0,67.0,0.16,18.0,150.0,2406.0,True
19006,BatchInference,RegionD,RegionD,2300,2300,2300.7,0.0,11.0,42.0,0.1,5.0,80.0,2406.0,False
